Lipid Class,Name,Formula.x,Mass (avg),"RSD (Mass, ppm)",Saturated,RT (avg),RT (span),Height (avg),Found,Feat ID,RT,DT,CCS,Gas,mz,Abundance,Charge,Polarity,CAS ID,Formula.y,Mass,Ion Species,Theo mz,ppm Error,Abs ppm Error,Score,Sum Comp,Num Constit,Constit,Constit Abund,Abbreviation,Class,Class Abbreviation
Ceramide non-hydroxyfatty acid-sphingosine,Cer_NS d18:1_22:0,C40 H79 N O3,621.6059,0.48,0,9.74,0.103,22582,212,663,9.743,NA,NA,NA,622.613,21746,1,Positive,NA,C40H79NO3,621.606,(M+H)+,622.6133,-0.4,0.4,81.16,Cer_NS d40:1,1,Cer_NS d18:1/22:0,100,Cer,Sphingolipid,SPL
Ceramide non-hydroxyfatty acid-sphingosine,Cer_NS d18:1_23:0,C41 H81 N O3,635.6216,0.52,0,10.18,0.087,21340,212,675,10.184,NA,NA,NA,636.629,20672,1,Positive,NA,C41H81NO3,635.6216,(M+H)+,636.6289,0.1,0.1,77.41,Cer_NS d41:1,1,Cer_NS d18:1/23:0,100,Cer,Sphingolipid,SPL
Ceramide non-hydroxyfatty acid-sphingosine,Cer_NS d18:1_24:0,C42 H83 N O3,649.6372,0.27,0,10.6,0.102,62357,213,348,10.602,NA,NA,NA,650.6444,63667,1,Positive,NA,C42H83NO3,649.6373,(M+H)+,650.6446,-0.2,0.2,87.29,Cer_NS d42:1,1,Cer_NS d18:1/24:0,100,Cer,Sphingolipid,SPL
Ceramide non-hydroxyfatty acid-sphingosine,Cer_NS d16:1_22:0,C38 H75 N O3,593.5746,0.85,0,8.6,0.108,23485,209,532,8.616,NA,NA,NA,592.5673,20577,-1,Negative,NA,C38H75NO3,593.5747,(M-H)-,592.5674,-0.2,0.2,96.05,Cer_NS d38:1,5,Cer_NS d16:1/22:0,63,Cer,Sphingolipid,SPL
Ceramide non-hydroxyfatty acid-sphingosine,Cer_NS d16:1_23:0,C39 H77 N O3,607.5902,0.7,0,9.09,0.111,19104,210,605,9.095,NA,NA,NA,606.583,17774,-1,Negative,NA,C39H77NO3,607.5903,(M-H)-,606.5831,-0.2,0.2,81.89,Cer_NS d39:1,1,Cer_NS d16:1/23:0,100,Cer,Sphingolipid,SPL
Ceramide non-hydroxyfatty acid-sphingosine,Cer_NS d17:1_24:1,C41 H79 N O3,633.6058,0.93,0,9.06,0.158,8778,209,333,9.066,NA,NA,NA,678.604,39218,-1,Negative,NA,C41H79NO3,633.606,(M+CHO2)-,678.6042,-0.3,0.3,69.44,Cer_NS d41:2,6,Cer_NS d17:1/24:1,27.3,Cer,Sphingolipid,SPL
Ceramide non-hydroxyfatty acid-sphingosine,Cer_NS d18:1_16:0,C34 H67 N O3,537.5121,1.23,0,6.65,0.173,40105,210,291,6.647,NA,NA,NA,536.5047,44535,-1,Negative,NA,C34H67NO3,537.5121,(M-H)-,536.5048,-0.2,0.2,93.92,Cer_NS d34:1,1,Cer_NS d18:1/16:0,100,Cer,Sphingolipid,SPL
Ceramide non-hydroxyfatty acid-sphingosine,Cer_NS d18:1_22:0,C40 H79 N O3,621.6059,0.8,0,9.52,0.084,116544,212,702,9.393,NA,NA,NA,666.6041,14187,-1,Negative,NA,C40H79NO3,621.606,(M+CHO2)-,666.6042,-0.2,0.2,71.48,Cer_NS d40:1,1,Cer_NS d18:1/22:0,100,Cer,Sphingolipid,SPL
Ceramide non-hydroxyfatty acid-sphingosine,Cer_NS d18:1_23:0,C41 H81 N O3,635.6215,0.79,0,9.96,0.054,110751,211,252,9.971,NA,NA,NA,634.6142,52768,-1,Negative,NA,C41H81NO3,635.6216,(M-H)-,634.6144,-0.2,0.2,96.14,Cer_NS d41:1,6,Cer_NS d18:1/23:0,54,Cer,Sphingolipid,SPL
Ceramide non-hydroxyfatty acid-sphingosine,Cer_NS d18:1_24:0,C42 H83 N O3,649.6372,0.6,0,10.39,0.134,371823,212,110,10.396,NA,NA,NA,648.63,141217,-1,Negative,NA,C42H83NO3,649.6373,(M-H)-,648.63,0,0,91.06,Cer_NS d42:1,5,Cer_NS d18:1/24:0,59.4,Cer,Sphingolipid,SPL
Ceramide non-hydroxyfatty acid-sphingosine,Cer_NS d18:1_24:1,C42 H81 N O3,647.6216,1.24,0,9.49,0.14,123212,211,292,9.499,NA,NA,NA,646.6142,44015,-1,Negative,NA,C42H81NO3,647.6216,(M-H)-,646.6144,-0.2,0.2,96.27,Cer_NS d42:2,9,Cer_NS d18:1/24:1,63.3,Cer,Sphingolipid,SPL
Ceramide non-hydroxyfatty acid-sphingosine,Cer_NS d18:1_25:0,C43 H85 N O3,663.6527,1.28,0,10.8,0.133,25313,212,788,10.798,NA,NA,NA,662.6456,11930,-1,Negative,NA,C43H85NO3,663.6529,(M-H)-,662.6457,0,0,95.15,Cer_NS d43:1,8,Cer_NS d18:1/25:0,45.3,Cer,Sphingolipid,SPL
Ceramide non-hydroxyfatty acid-sphingosine,Cer_NS d18:1_26:0,C44 H87 N O3,677.6685,0.95,0,11.18,0.067,11250,212,1308,11.192,NA,NA,NA,676.6615,4447,-1,Negative,NA,C44H87NO3,677.6686,(M-H)-,676.6613,0.3,0.3,84.27,Cer_NS d44:1,2,Cer_NS d18:1/26:0,58.8,Cer,Sphingolipid,SPL
Ceramide non-hydroxyfatty acid-sphingosine,Cer_NS d18:2_23:0,C41 H79 N O3,633.6059,1.02,0,9.22,0.166,23457,209,640,9.221,NA,NA,NA,632.5984,16338,-1,Negative,NA,C41H79NO3,633.606,(M-H)-,632.5987,-0.5,0.5,94.8,Cer_NS d41:2,3,Cer_NS d18:2/23:0,67,Cer,Sphingolipid,SPL
Ceramide non-hydroxyfatty acid-sphingosine,Cer_NS d18:2_24:0,C42 H81 N O3,647.6215,0.58,0,9.67,0.13,75959,210,325,9.677,NA,NA,NA,646.6142,40515,-1,Negative,NA,C42H81NO3,647.6216,(M-H)-,646.6144,-0.3,0.3,96.62,Cer_NS d42:2,8,Cer_NS d18:2/24:0,47.2,Cer,Sphingolipid,SPL
Ceramide non-hydroxyfatty acid-sphingosine,Cer_NS d18:2_24:1,C42 H79 N O3,645.6058,0.57,0,8.73,0.085,34747,209,549,8.733,NA,NA,NA,644.5986,20093,-1,Negative,NA,C42H79NO3,645.606,(M-H)-,644.5987,-0.1,0.1,91.71,Cer_NS d42:3,8,Cer_NS d18:2/24:1,51.7,Cer,Sphingolipid,SPL
Ceramide non-hydroxyfatty acid-sphingosine,Cer_NS d19:1_24:0,C43 H85 N O3,663.6528,0.56,0,10.65,0.108,34449,210,632,10.654,NA,NA,NA,662.6456,16567,-1,Negative,NA,C43H85NO3,663.6529,(M-H)-,662.6457,-0.2,0.2,96.14,Cer_NS d43:1,5,Cer_NS d19:1/24:0,51.5,Cer,Sphingolipid,SPL
Ceramide non-hydroxyfatty acid-sphingosine,Cer_NS d20:1_25:0,C45 H89 N O3,691.6846,2.64,0,11.56,0.153,1267,210,1487,11.565,NA,NA,NA,736.6836,3087,-1,Negative,NA,C45H89NO3,691.6842,(M+CHO2)-,736.6824,1.6,1.6,70.05,Cer_NS d45:1,1,Cer_NS d20:1/25:0,100,Cer,Sphingolipid,SPL
Ceramide non-hydroxyfatty acid-sphingosine,Cer_NS d42:1,C42 H83 N O3,649.6371,1.72,0,9.84,0.124,14517,211,250,9.839,NA,NA,NA,694.6353,52903,-1,Negative,NA,C42H83NO3,649.6373,(M+CHO2)-,694.6355,-0.3,0.3,70.2,Cer_NS d42:1,17,NA,NA,Cer,Sphingolipid,SPL
Ceramide non-hydroxyfatty acid-sphingosine,Cer_NS d44:2,C44 H85 N O3,675.653,1.94,0,10.53,0.114,2781,210,837,10.485,NA,NA,NA,720.6507,11060,-1,Negative,NA,C44H85NO3,675.6529,(M+CHO2)-,720.6511,-0.6,0.6,68.43,Cer_NS d44:2,2,NA,NA,Cer,Sphingolipid,SPL
Cholesteryl ester,CE 16:0,C43 H76 O2,624.5844,0.57,0,13.96,0.153,91684,216,259,13.962,NA,NA,NA,642.6184,102570,1,Positive,NA,C43H76O2,624.5845,(M+H4N)+,642.6184,0.1,0.1,98.59,CE 16:0,1,CE 16:0,100,CE,Cholesteryl Ester,CE
Cholesteryl ester,CE 16:1,C43 H74 O2,622.5687,0.35,0,13.4,0.022,110485,211,185,13.394,NA,NA,NA,640.6027,159514,1,Positive,NA,C43H74O2,622.5689,(M+H4N)+,640.6027,0,0,96.18,CE 16:1,1,CE 16:1,100,CE,Cholesteryl Ester,CE
Cholesteryl ester,CE 18:1,C45 H78 O2,650.6004,0.32,0,13.97,0.081,1238731,215,31,13.969,NA,NA,NA,668.6343,1615753,1,Positive,NA,C45H78O2,650.6002,(M+H4N)+,668.634,0.5,0.5,96.44,CE 18:1,1,CE 18:1,100,CE,Cholesteryl Ester,CE
Cholesteryl ester,CE 18:2,C45 H76 O2,648.5848,0.67,0,13.5,0.14,4975261,214,11,13.5,NA,NA,NA,666.6187,5746828,1,Positive,NA,C45H76O2,648.5845,(M+H4N)+,666.6184,0.5,0.5,96.48,CE 18:2,1,CE 18:2,100,CE,Cholesteryl Ester,CE
Cholesteryl ester,CE 18:3,C45 H74 O2,646.5686,0.23,0,12.96,0.028,142979,210,162,12.965,NA,NA,NA,664.6027,181040,1,Positive,NA,C45H74O2,646.5689,(M+H4N)+,664.6027,-0.1,0.1,90.31,CE 18:3,1,CE 18:3,100,CE,Cholesteryl Ester,CE
Cholesteryl ester,CE 20:3,C47 H78 O2,674.5999,0.93,0,13.62,0.038,59877,210,401,13.611,NA,NA,NA,692.634,50334,1,Positive,NA,C47H78O2,674.6002,(M+H4N)+,692.634,-0.1,0.1,96.42,CE 20:3,1,CE 20:3,100,CE,Cholesteryl Ester,CE
Cholesteryl ester,CE 20:4,C47 H76 O2,672.5846,0.92,0,13.17,0.097,1393737,213,33,13.176,NA,NA,NA,690.6188,1525335,1,Positive,NA,C47H76O2,672.5845,(M+H4N)+,690.6184,0.6,0.6,96.66,CE 20:4,1,CE 20:4,100,CE,Cholesteryl Ester,CE
Cholesteryl ester,CE 20:5,C47 H74 O2,670.5687,0.22,0,12.63,0.032,107038,210,263,12.631,NA,NA,NA,688.6028,100101,1,Positive,NA,C47H74O2,670.5689,(M+H4N)+,688.6027,0.2,0.2,96.16,CE 20:5,1,CE 20:5,100,CE,Cholesteryl Ester,CE
Cholesteryl ester,CE 22:6,C49 H76 O2,696.5845,1.15,0,12.89,0.132,118565,214,210,12.893,NA,NA,NA,714.6184,139004,1,Positive,NA,C49H76O2,696.5845,(M+H4N)+,714.6184,0,0,96.12,CE 22:6,1,CE 22:6,100,CE,Cholesteryl Ester,CE
Diacylglycerol,DG 15:0_18:1(d7),C36 H61 D7 O5,587.5503,0.56,0,8.15,0.05,18812,211,744,8.155,NA,NA,NA,605.5844,17203,1,Positive,NA,C36H61[2H]7O5,587.5506,(M+H4N)+,605.5844,-0.1,0.1,95.44,DG 33:1(d7),1,DG__d 15:0/18:1+D7,100,DAG or DG,Glycerolipid,GL
Diacylglycerol,DG 18:1_18:1,C39 H72 O5,620.5377,0.46,0,8.75,0.097,32066,216,547,8.758,NA,NA,NA,638.5716,30766,1,Positive,NA,C39H72O5,620.538,(M+H4N)+,638.5718,-0.2,0.2,85.65,DG 36:2,1,DG 18:1/18:1,100,DAG or DG,Glycerolipid,GL
Diacylglycerol,DG 18:1_18:2,C39 H70 O5,618.5222,0.42,0,8.02,0.103,38358,216,502,8.028,NA,NA,NA,636.5559,36771,1,Positive,NA,C39H70O5,618.5223,(M+H4N)+,636.5562,-0.4,0.4,97.97,DG 36:3,1,DG 18:1/18:2,100,DAG or DG,Glycerolipid,GL
Ether-linked phosphatidylcholine,EtherPC 18:1e_18:1,C44 H86 N O7 P,771.6128,1.51,0,7.12,0.173,8272,207,425,7.117,NA,NA,NA,816.6109,28154,-1,Negative,NA,C44H86NO7P,771.6142,(M+CHO2)-,816.6124,-1.8,1.8,93.79,EtherPC 36:2e,4,EtherPC 18:1e/18:1,47.9,EtherPC,Glycerophospholipid,PPL
Ether-linked phosphatidylcholine,EtherPC 18:1e_18:2,C44 H84 N O7 P,769.5978,1.72,0,6.41,0.095,19799,210,243,7.133,NA,NA,NA,814.5961,54937,-1,Negative,NA,C44H84NO7P,769.5985,(M+CHO2)-,814.5967,-0.8,0.8,86.01,EtherPC 36:3e,3,EtherPC 18:1e/18:2,59.9,EtherPC,Glycerophospholipid,PPL
Ether-linked phosphatidylcholine,EtherPC 18:1e_18:2,C44 H84 N O7 P,769.5983,1.38,0,7.11,0.116,18502,211,243,7.133,NA,NA,NA,814.5961,54937,-1,Negative,NA,C44H84NO7P,769.5985,(M+CHO2)-,814.5967,-0.8,0.8,86.01,EtherPC 36:3e,3,EtherPC 18:1e/18:2,59.9,EtherPC,Glycerophospholipid,PPL
Ether-linked phosphatidylcholine,EtherPC 18:1e_20:4,C46 H84 N O7 P,793.5984,0.78,0,6.27,0.091,109416,211,61,6.271,NA,NA,NA,838.5968,283462,-1,Negative,NA,C46H84NO7P,793.5985,(M+CHO2)-,838.5967,0,0,91.61,EtherPC 38:5e,3,EtherPC 18:1e/20:4,52.2,EtherPC,Glycerophospholipid,PPL
Ether-linked phosphatidylcholine,EtherPC 18:1e_20:4,C46 H84 N O7 P,793.5989,1.42,0,6.95,0.077,30761,210,61,6.271,NA,NA,NA,838.5968,283462,-1,Negative,NA,C46H84NO7P,793.5985,(M+CHO2)-,838.5967,0,0,91.61,EtherPC 38:5e,3,EtherPC 18:1e/20:4,52.2,EtherPC,Glycerophospholipid,PPL
Ether-linked phosphatidylcholine,EtherPC 18:1e_22:6,C48 H84 N O7 P,817.5978,3.54,0,6.13,0.15,38074,205,530,6.046,NA,NA,NA,862.5964,20746,-1,Negative,NA,C48H84NO7P,817.5985,(M+CHO2)-,862.5967,-0.3,0.3,84.13,EtherPC 40:7e,2,EtherPC 18:1e/22:6,63.3,EtherPC,Glycerophospholipid,PPL
Ether-linked phosphatidylcholine,EtherPC 24:0e,C32 H66 N O7 P,607.4571,2.46,0,4.5,0.099,1761,209,1347,4.514,NA,NA,NA,652.4547,4134,-1,Negative,NA,C32H66NO7P,607.4577,(M+CHO2)-,652.4559,-1.8,1.8,77.11,EtherPC 24:0e,2,NA,NA,EtherPC,Glycerophospholipid,PPL
Ether-linked phosphatidylcholine,EtherPC 34:1e,C42 H84 N O7 P,745.5983,1.15,0,7.02,0.13,32253,211,133,7.026,NA,NA,NA,790.5966,105101,-1,Negative,NA,C42H84NO7P,745.5985,(M+CHO2)-,790.5967,-0.2,0.2,92.91,EtherPC 34:1e,2,NA,NA,EtherPC,Glycerophospholipid,PPL
Ether-linked phosphatidylcholine,EtherPC 40:4e,C48 H90 N O7 P,823.6452,2.27,0,8.07,0.137,9687,211,349,8.072,NA,NA,NA,868.6435,37470,-1,Negative,NA,C48H90NO7P,823.6455,(M+CHO2)-,868.6437,-0.2,0.2,87.25,EtherPC 40:4e,12,NA,NA,EtherPC,Glycerophospholipid,PPL
Ether-linked phosphatidylcholine,EtherPC 42:4e,C50 H94 N O7 P,851.6759,1.28,0,8.99,0.137,6466,207,524,8.993,NA,NA,NA,896.6746,20949,-1,Negative,NA,C50H94NO7P,851.6768,(M+CHO2)-,896.675,-0.4,0.4,62.85,EtherPC 42:4e,10,NA,NA,EtherPC,Glycerophospholipid,PPL
Ether-linked phosphatidylcholine,EtherPC 16:0e_16:0,C40 H82 N O7 P,719.5825,1.43,0,6.93,0.077,19585,211,274,6.911,NA,NA,NA,764.5809,47669,-1,Negative,NA,C40H82NO7P,719.5829,(M+CHO2)-,764.5811,-0.3,0.3,63.54,EtherPC 32:0e,1,EtherPC 16:0e/16:0,100,EtherPC,Glycerophospholipid,PPL
Ether-linked phosphatidylcholine,EtherPC 16:0e_18:2,C42 H82 N O7 P,743.5828,1.61,0,6.34,0.169,43625,211,128,6.346,NA,NA,NA,788.581,112630,-1,Negative,NA,C42H82NO7P,743.5829,(M+CHO2)-,788.5811,-0.1,0.1,92.6,EtherPC 34:2e,3,EtherPC 16:0e/18:2,65.8,EtherPC,Glycerophospholipid,PPL
Ether-linked phosphatidylcholine,EtherPC 16:0e_20:3,C44 H84 N O7 P,769.5982,1.09,0,6.59,0.13,10523,211,523,6.581,NA,NA,NA,814.5965,21111,-1,Negative,NA,C44H84NO7P,769.5985,(M+CHO2)-,814.5967,-0.3,0.3,80.14,EtherPC 36:3e,1,EtherPC 16:0e/20:3,100,EtherPC,Glycerophospholipid,PPL
Ether-linked phosphatidylcholine,EtherPC 16:0e_20:4,C44 H82 N O7 P,767.5828,1.22,0,6.21,0.079,137388,211,49,6.208,NA,NA,NA,812.5811,360842,-1,Negative,NA,C44H82NO7P,767.5829,(M+CHO2)-,812.5811,0,0,92.61,EtherPC 36:4e,3,EtherPC 16:0e/20:4,57.5,EtherPC,Glycerophospholipid,PPL
Ether-linked phosphatidylcholine,EtherPC 16:1e_18:2,C42 H80 N O7 P,741.5671,0.95,0,6.19,0.1,94504,208,66,6.19,NA,NA,NA,786.5654,256012,-1,Negative,NA,C42H80NO7P,741.5672,(M+CHO2)-,786.5654,0,0,90.83,EtherPC 34:3e,1,EtherPC 16:1e/18:2,100,EtherPC,Glycerophospholipid,PPL
Ether-linked phosphatidylcholine,EtherPC 16:1e_20:4,C44 H80 N O7 P,765.5671,0.71,0,6.04,0.094,108773,210,75,6.043,NA,NA,NA,810.5654,223561,-1,Negative,NA,C44H80NO7P,765.5672,(M+CHO2)-,810.5654,-0.1,0.1,93.29,EtherPC 36:5e,2,EtherPC 16:1e/20:4,78.7,EtherPC,Glycerophospholipid,PPL
Ether-linked phosphatidylcholine,EtherPC 18:0e_16:0,C42 H86 N O7 P,747.6141,1.46,0,7.88,0.131,4770,210,693,7.885,NA,NA,NA,792.612,14471,-1,Negative,NA,C42H86NO7P,747.6142,(M+CHO2)-,792.6124,-0.4,0.4,83.27,EtherPC 34:0e,2,EtherPC 18:0e/16:0,70.1,EtherPC,Glycerophospholipid,PPL
Ether-linked phosphatidylcholine,EtherPC 18:0e_18:1,C44 H88 N O7 P,773.6301,3.37,0,7.99,0.14,4668,209,658,7.993,NA,NA,NA,818.6282,15825,-1,Negative,NA,C44H88NO7P,773.6298,(M+CHO2)-,818.628,0.2,0.2,85.77,EtherPC 36:1e,2,EtherPC 18:0e/18:1,61.8,EtherPC,Glycerophospholipid,PPL
Ether-linked phosphatidylcholine,EtherPC 18:0e_18:2,C44 H86 N O7 P,771.6171,7.72,0,7.28,0.117,13816,210,311,7.275,NA,NA,NA,816.6121,41856,-1,Negative,NA,C44H86NO7P,771.6142,(M+CHO2)-,816.6124,-0.3,0.3,81.26,EtherPC 36:2e,2,EtherPC 18:0e/18:2,64.1,EtherPC,Glycerophospholipid,PPL
Ether-linked phosphatidylcholine,EtherPC 18:0e_20:3,C46 H88 N O7 P,797.6323,6.34,0,7.55,0.183,8644,210,470,7.523,NA,NA,NA,842.6283,24839,-1,Negative,NA,C46H88NO7P,797.6298,(M+CHO2)-,842.628,0.3,0.3,76.62,EtherPC 38:3e,2,EtherPC 18:0e/20:3,67.1,EtherPC,Glycerophospholipid,PPL
Ether-linked phosphatidylcholine,EtherPC 18:0e_20:4,C46 H86 N O7 P,795.614,1.84,0,7.13,0.13,61547,212,76,7.133,NA,NA,NA,840.6124,219376,-1,Negative,NA,C46H86NO7P,795.6142,(M+CHO2)-,840.6124,0,0,89.31,EtherPC 38:4e,2,EtherPC 18:0e/20:4,66.8,EtherPC,Glycerophospholipid,PPL
Ether-linked phosphatidylcholine,EtherPC 18:0e_22:4,C48 H90 N O7 P,823.6457,1.81,0,7.8,0.124,4267,208,832,7.807,NA,NA,NA,868.6439,11143,-1,Negative,NA,C48H90NO7P,823.6455,(M+CHO2)-,868.6437,0.2,0.2,70.79,EtherPC 40:4e,1,EtherPC 18:0e/22:4,100,EtherPC,Glycerophospholipid,PPL
Ether-linked phosphatidylcholine,EtherPC 18:0e_22:6,C48 H86 N O7 P,819.6138,2.95,0,6.92,0.173,29382,210,427,6.883,NA,NA,NA,864.612,27659,-1,Negative,NA,C48H86NO7P,819.6142,(M+CHO2)-,864.6124,-0.4,0.4,69.08,EtherPC 40:6e,1,EtherPC 18:0e/22:6,100,EtherPC,Glycerophospholipid,PPL
Ether-linked phosphatidylcholine,EtherPC 42:5e,C50 H92 N O7 P,849.6608,1.39,0,8.05,0.113,11004,210,306,8.05,NA,NA,NA,894.6593,42427,-1,Negative,NA,C50H92NO7P,849.6611,(M+CHO2)-,894.6593,-0.1,0.1,93.79,EtherPC 42:5e,11,NA,NA,EtherPC,Glycerophospholipid,PPL
Ether-linked phosphatidylcholine,EtherPC 42:6e,C50 H90 N O7 P,847.6441,2.72,0,7.87,0.149,6923,211,838,7.859,NA,NA,NA,892.6433,11060,-1,Negative,NA,C50H90NO7P,847.6455,(M+CHO2)-,892.6437,-0.5,0.5,73.13,EtherPC 42:6e,11,NA,NA,EtherPC,Glycerophospholipid,PPL
Ether-linked phosphatidylcholine,EtherPC 44:4e,C52 H98 N O7 P,879.7077,1.9,0,9.86,0.098,2479,209,1168,9.856,NA,NA,NA,924.7057,6022,-1,Negative,NA,C52H98NO7P,879.7081,(M+CHO2)-,924.7063,-0.6,0.6,76.34,EtherPC 44:4e,8,NA,NA,EtherPC,Glycerophospholipid,PPL
Ether-linked phosphatidylcholine,EtherPC 44:5e,C52 H96 N O7 P,877.6922,1.86,0,8.94,0.104,13379,211,249,8.953,NA,NA,NA,922.6904,53449,-1,Negative,NA,C52H96NO7P,877.6924,(M+CHO2)-,922.6906,-0.3,0.3,73.54,EtherPC 44:5e,10,NA,NA,EtherPC,Glycerophospholipid,PPL
Ether-linked phosphatidylcholine,EtherPC 44:6e,C52 H94 N O7 P,875.6761,1.02,0,8.18,0.145,10928,212,553,8.177,NA,NA,NA,920.6746,19948,-1,Negative,NA,C52H94NO7P,875.6768,(M+CHO2)-,920.675,-0.4,0.4,94.21,EtherPC 44:6e,9,NA,NA,EtherPC,Glycerophospholipid,PPL
Ether-linked phosphatidylethanolamine,EtherPE 16:0e_22:6,C43 H76 N O7 P,749.5358,1.23,0,6.24,0.159,9913,210,299,6.256,NA,NA,NA,748.5285,42961,-1,Negative,NA,C43H76NO7P,749.5359,(M-H)-,748.5287,-0.2,0.2,92.45,EtherPE 38:6e,4,EtherPE 16:0e/22:6,63.9,EtherPE,Glycerophospholipid,PPL
Ether-linked phosphatidylethanolamine,EtherPE 16:1e_18:1,C39 H76 N O7 P,701.5357,1.24,0,7.18,0.141,11472,210,1480,7.367,NA,NA,NA,700.5295,3174,-1,Negative,NA,C39H76NO7P,701.5359,(M-H)-,700.5287,1.2,1.2,81.97,EtherPE 34:2e,1,EtherPE 16:1e/18:1,100,EtherPE,Glycerophospholipid,PPL
Ether-linked phosphatidylethanolamine,EtherPE 16:1e_18:2,C39 H74 N O7 P,699.5201,1.43,0,6.47,0.159,38478,210,58,6.484,NA,NA,NA,698.513,295752,-1,Negative,NA,C39H74NO7P,699.5203,(M-H)-,698.513,0,0,99.17,EtherPE 34:3e,1,EtherPE 16:1e/18:2,100,EtherPE,Glycerophospholipid,PPL
Ether-linked phosphatidylethanolamine,EtherPE 16:1e_20:4,C41 H74 N O7 P,723.5202,0.62,0,6.32,0.127,109141,212,21,6.33,NA,NA,NA,722.5132,849192,-1,Negative,NA,C41H74NO7P,723.5203,(M-H)-,722.513,0.2,0.2,98.96,EtherPE 36:5e,1,EtherPE 16:1e/20:4,100,EtherPE,Glycerophospholipid,PPL
Ether-linked phosphatidylethanolamine,EtherPE 16:1e_22:4,C43 H78 N O7 P,751.5514,1.01,0,6.99,0.174,9240,212,445,6.995,NA,NA,NA,750.5442,26537,-1,Negative,NA,C43H78NO7P,751.5516,(M-H)-,750.5443,-0.2,0.2,96.82,EtherPE 38:5e,5,EtherPE 16:1e/22:4,55.7,EtherPE,Glycerophospholipid,PPL
Ether-linked phosphatidylethanolamine,EtherPE 16:1e_22:6,C43 H74 N O7 P,747.5201,0.24,0,6.09,0.023,51476,208,48,6.09,NA,NA,NA,746.5129,364562,-1,Negative,NA,C43H74NO7P,747.5203,(M-H)-,746.513,-0.1,0.1,96.6,EtherPE 38:7e,4,EtherPE 16:1e/22:6,72.2,EtherPE,Glycerophospholipid,PPL
Ether-linked phosphatidylethanolamine,EtherPE 18:0e_18:2,C41 H80 N O7 P,729.5669,1.94,0,7.56,0.11,2982,208,771,7.563,NA,NA,NA,728.5595,12414,-1,Negative,NA,C41H80NO7P,729.5672,(M-H)-,728.56,-0.6,0.6,75.51,EtherPE 36:2e,1,EtherPE 18:0e/18:2,100,EtherPE,Glycerophospholipid,PPL
Ether-linked phosphatidylethanolamine,EtherPE 18:0e_20:4,C43 H80 N O7 P,753.5668,1.18,0,7.42,0.1,10846,209,559,6.207,NA,NA,NA,752.5596,19687,-1,Negative,NA,C43H80NO7P,753.5672,(M-H)-,752.56,-0.4,0.4,71.46,EtherPE 38:4e,1,EtherPE 18:0e/20:4,100,EtherPE,Glycerophospholipid,PPL
Ether-linked phosphatidylethanolamine,EtherPE 18:1e_18:1,C41 H80 N O7 P,729.567,1.89,0,8.12,0.17,11343,210,235,8.138,NA,NA,NA,728.5598,56417,-1,Negative,NA,C41H80NO7P,729.5672,(M-H)-,728.56,-0.2,0.2,96.08,EtherPE 36:2e,2,EtherPE 18:1e/18:1,84.9,EtherPE,Glycerophospholipid,PPL
Ether-linked phosphatidylethanolamine,EtherPE 18:1e_18:2,C41 H78 N O7 P,727.5514,0.83,0,7.4,0.123,44929,210,43,7.409,NA,NA,NA,726.5444,433593,-1,Negative,NA,C41H78NO7P,727.5516,(M-H)-,726.5443,0.1,0.1,97.18,EtherPE 36:3e,1,EtherPE 18:1e/18:2,100,EtherPE,Glycerophospholipid,PPL
Ether-linked phosphatidylethanolamine,EtherPE 18:1e_20:4,C43 H78 N O7 P,751.5514,0.58,0,7.25,0.084,180727,208,161,6.551,NA,NA,NA,750.5434,84459,-1,Negative,NA,C43H78NO7P,751.5516,(M-H)-,750.5443,-1.3,1.3,96.97,EtherPE 38:5e,2,EtherPE 18:1e/20:4,62.8,EtherPE,Glycerophospholipid,PPL
Ether-linked phosphatidylethanolamine,EtherPE 18:1e_22:4,C45 H82 N O7 P,779.5825,1.57,0,7.92,0.101,7251,212,469,7.929,NA,NA,NA,778.5754,25063,-1,Negative,NA,C45H82NO7P,779.5829,(M-H)-,778.5756,-0.3,0.3,92.64,EtherPE 40:5e,1,EtherPE 18:1e/22:4,100,EtherPE,Glycerophospholipid,PPL
Ether-linked phosphatidylethanolamine,EtherPE 18:1e_22:5,C45 H80 N O7 P,777.5671,1.72,0,7.29,0.165,16685,212,175,7.303,NA,NA,NA,776.5599,77017,-1,Negative,NA,C45H80NO7P,777.5672,(M-H)-,776.56,-0.1,0.1,92.36,EtherPE 40:6e,3,EtherPE 18:1e/22:5,69.7,EtherPE,Glycerophospholipid,PPL
Ether-linked phosphatidylethanolamine,EtherPE 18:2e_18:1,C41 H78 N O7 P,727.5512,2.22,0,7.27,0.092,7718,207,390,7.277,NA,NA,NA,726.5442,31868,-1,Negative,NA,C41H78NO7P,727.5516,(M-H)-,726.5443,-0.2,0.2,96.2,EtherPE 36:3e,1,EtherPE 18:2e/18:1,100,EtherPE,Glycerophospholipid,PPL
Ether-linked phosphatidylethanolamine,EtherPE 18:2e_22:6,C45 H76 N O7 P,773.5359,0.88,0,6.18,0.189,21647,211,336,6.312,NA,NA,NA,772.5285,39087,-1,Negative,NA,C45H76NO7P,773.5359,(M-H)-,772.5287,-0.2,0.2,87.72,EtherPE 40:8e,1,EtherPE 18:2e/22:6,100,EtherPE,Glycerophospholipid,PPL
Ether-linked phosphatidylethanolamine,EtherPE 18:3e_20:4,C43 H74 N O7 P,747.521,2.56,0,5.82,0.132,20561,212,221,5.799,NA,NA,NA,746.5128,60182,-1,Negative,NA,C43H74NO7P,747.5203,(M-H)-,746.513,-0.3,0.3,96.59,EtherPE 38:7e,4,EtherPE 18:3e/20:4,51.7,EtherPE,Glycerophospholipid,PPL
Free fatty acid,FA 16:0,C16 H32 O2,256.2403,0.48,0,3.23,0.038,31897,212,329,1.113,NA,NA,NA,255.2331,39710,-1,Negative,NA,C16H32O2,256.2402,(M-H)-,255.233,0.6,0.6,95.43,FA 16:0,1,FA 16:0,100,FA,Fatty acid,FA
Free fatty acid,FA 16:1,C16 H30 O2,254.2246,1.16,0,2.3,0.184,2233,209,773,2.335,NA,NA,NA,253.2172,12323,-1,Negative,NA,C16H30O2,254.2246,(M-H)-,253.2173,-0.3,0.3,88.42,FA 16:1,1,FA 16:1,100,FA,Fatty acid,FA
Free fatty acid,FA 18:0,C18 H36 O2,284.2716,0.38,0,3.91,0.053,30018,211,91,3.917,NA,NA,NA,283.2645,172668,-1,Negative,NA,C18H36O2,284.2715,(M-H)-,283.2643,0.7,0.7,98.93,FA 18:0,1,FA 18:0,100,FA,Fatty acid,FA
Free fatty acid,FA 18:1,C18 H34 O2,282.2559,0.45,0,3.37,0.179,123998,212,37,3.369,NA,NA,NA,281.2488,486301,-1,Negative,NA,C18H34O2,282.2559,(M-H)-,281.2486,0.7,0.7,98.76,FA 18:1,1,FA 18:1,100,FA,Fatty acid,FA
Free fatty acid,FA 18:2,C18 H32 O2,280.2403,0.73,0,2.64,0.109,28342,209,500,0.858,NA,NA,NA,279.233,22388,-1,Negative,NA,C18H32O2,280.2402,(M-H)-,279.233,0.2,0.2,97.05,FA 18:2,1,FA 18:2,100,FA,Fatty acid,FA
Free fatty acid,FA 18:3,C18 H30 O2,278.2245,1.83,0,1.94,0.143,1659,211,852,1.953,NA,NA,NA,277.2174,10908,-1,Negative,NA,C18H30O2,278.2246,(M-H)-,277.2173,0.3,0.3,88.93,FA 18:3,1,FA 18:3,100,FA,Fatty acid,FA
Free fatty acid,FA 20:1,C20 H38 O2,310.2872,1.13,0,3.97,0.153,1907,209,934,3.98,NA,NA,NA,309.28,9379,-1,Negative,NA,C20H38O2,310.2872,(M-H)-,309.2799,0.3,0.3,93.49,FA 20:1,1,FA 20:1,100,FA,Fatty acid,FA
Free fatty acid,FA 22:4,C22 H36 O2,332.2711,1.86,0,3.33,0.154,2285,207,738,3.328,NA,NA,NA,331.2643,13131,-1,Negative,NA,C22H36O2,332.2715,(M-H)-,331.2643,0.3,0.3,70.33,FA 22:4,1,FA 22:4,100,FA,Fatty acid,FA
Ganglioside GM3,GM3 d40:1,C63 H116 N2 O21,1236.8065,1.45,0,7.1,0.157,7073,211,762,7.105,NA,NA,NA,1235.7994,12596,-1,Negative,NA,C63H116N2O21,1236.8071,(M-H)-,1235.7998,-0.3,0.3,98.34,GM3 d40:1,29,NA,NA,GM3,Sphingolipid,SPL
Ganglioside GM3,GM3 d42:1,C65 H120 N2 O21,1264.8377,1.43,0,7.96,0.174,6206,211,745,7.968,NA,NA,NA,1263.8305,13007,-1,Negative,NA,C65H120N2O21,1264.8384,(M-H)-,1263.8311,-0.4,0.4,96.9,GM3 d42:1,33,NA,NA,GM3,Sphingolipid,SPL
Ganglioside GM3,GM3 d42:2,C65 H118 N2 O21,1262.8221,1.35,0,7.07,0.157,6409,212,1009,7.107,NA,NA,NA,1261.818,8107,-1,Negative,NA,C65H118N2O21,1262.8227,(M-H)-,1261.8154,2,2,93.57,GM3 d42:2,23,NA,NA,GM3,Sphingolipid,SPL
Ganglioside GM3,GM3 d34:1,C57 H104 N2 O21,1152.7129,1.19,0,4.67,0.096,8175,210,726,4.678,NA,NA,NA,1151.7073,13443,-1,Negative,NA,C57H104N2O21,1152.7132,(M-H)-,1151.7059,1.2,1.2,97.54,GM3 d34:1,17,NA,NA,GM3,Sphingolipid,SPL
Hexosylceramide non-hydroxyfatty acid-sphingosine,HexCer_NS d18:1_16:0,C40 H77 N O8,699.5641,0.54,0,5.79,0.066,82823,207,350,5.799,NA,NA,NA,698.5575,37428,-1,Negative,NA,C40H77NO8,699.5649,(M-H)-,698.5576,-0.2,0.2,71.56,HexCer_NS d34:1,1,HexCer_NS d18:1/16:0,100,HexCer,Sphingolipid,SPL
Hexosylceramide non-hydroxyfatty acid-sphingosine,HexCer_NS d18:1_24:1,C48 H91 N O8,809.6742,0.44,0,8.57,0.123,55439,211,312,8.58,NA,NA,NA,808.6671,41799,-1,Negative,NA,C48H91NO8,809.6745,(M-H)-,808.6672,-0.2,0.2,86.99,HexCer_NS d42:2,1,HexCer_NS d18:1/24:1,100,HexCer,Sphingolipid,SPL
Hexosylceramide non-hydroxyfatty acid-sphingosine,HexCer_NS d18:2_22:0,C46 H87 N O8,781.6429,0.96,0,7.83,0.065,12279,210,833,7.839,NA,NA,NA,780.6355,11141,-1,Negative,NA,C46H87NO8,781.6432,(M-H)-,780.6359,-0.6,0.6,66.51,HexCer_NS d40:2,1,HexCer_NS d18:2/22:0,100,HexCer,Sphingolipid,SPL
Hexosylceramide non-hydroxyfatty acid-sphingosine,HexCer_NS d36:1,C42 H81 N O8,727.5953,1.53,0,6.71,0.112,14694,209,570,6.731,NA,NA,NA,772.5909,19205,-1,Negative,NA,C42H81NO8,727.5962,(M+CHO2)-,772.5944,-4.6,4.6,78.06,HexCer_NS d36:1,11,NA,NA,HexCer,Sphingolipid,SPL
Hexosylceramide non-hydroxyfatty acid-sphingosine,HexCer_NS d38:1,C44 H85 N O8,755.6272,0.86,0,7.68,0.106,13475,211,742,7.684,NA,NA,NA,754.6201,13030,-1,Negative,NA,C44H85NO8,755.6275,(M-H)-,754.6202,-0.2,0.2,75.8,HexCer_NS d38:1,2,NA,NA,HexCer,Sphingolipid,SPL
Hexosylceramide non-hydroxyfatty acid-sphingosine,HexCer_NS d41:2,C47 H89 N O8,795.6588,1.18,0,8.29,0.1,6689,211,587,8.302,NA,NA,NA,840.657,18514,-1,Negative,NA,C47H89NO8,795.6588,(M+CHO2)-,840.657,-0.1,0.1,94.1,HexCer_NS d41:2,31,NA,NA,HexCer,Sphingolipid,SPL
Hexosylceramide non-hydroxyfatty acid-sphingosine,HexCer_NS d42:3,C48 H89 N O8,807.6585,1,0,7.81,0.112,12299,210,412,7.817,NA,NA,NA,852.6568,28853,-1,Negative,NA,C48H89NO8,807.6588,(M+CHO2)-,852.657,-0.2,0.2,94.12,HexCer_NS d42:3,40,NA,NA,HexCer,Sphingolipid,SPL
Hexosylceramide non-hydroxyfatty acid-sphingosine,HexCer_NS d43:1,C49 H95 N O8,825.7055,1.7,0,9.92,0.123,3840,210,1010,9.921,NA,NA,NA,870.7038,8104,-1,Negative,NA,C49H95NO8,825.7058,(M+CHO2)-,870.704,-0.2,0.2,63.16,HexCer_NS d43:1,17,NA,NA,HexCer,Sphingolipid,SPL
Lysophophatidylcholine,LPC 0:0/18:0,C26 H54 N O7 P,523.3637,0.79,0,1.91,0.09,15580,211,602,1.919,NA,NA,NA,524.3708,25661,1,Positive,NA,C26H54NO7P,523.3638,(M+H)+,524.3711,-0.4,0.4,96.62,LPC 18:0,1,LPC__2 18:0,100,LPC,Glycerophospholipid,PPL
Lysophophatidylcholine,LPC 14:0/0:0,C22 H46 N O7 P,467.3007,1.76,0,0.7,0.153,4638,211,859,0.696,NA,NA,NA,468.3081,11150,1,Positive,NA,C22H46NO7P,467.3012,(M+H)+,468.3085,-0.7,0.7,89.34,LPC 14:0,1,LPC 14:0,100,LPC,Glycerophospholipid,PPL
Lysophophatidylcholine,LPC 16:0/0:0,C24 H50 N O7 P,495.3325,0.5,0,1.21,0.137,313802,213,55,1.215,NA,NA,NA,496.34,770520,1,Positive,NA,C24H50NO7P,495.3325,(M+H)+,496.3398,0.4,0.4,97.12,LPC 16:0,1,LPC 16:0,100,LPC,Glycerophospholipid,PPL
Lysophophatidylcholine,LPC 17:0/0:0,C25 H52 N O7 P,509.3479,1.4,0,1.62,0.126,5785,210,864,1.63,NA,NA,NA,510.3553,10960,1,Positive,NA,C25H52NO7P,509.3481,(M+H)+,510.3554,-0.3,0.3,86.12,LPC 17:0,1,LPC 17:0,100,LPC,Glycerophospholipid,PPL
Lysophophatidylcholine,LPC 18:0/0:0,C26 H54 N O7 P,523.3638,0.6,0,2.14,0.154,177593,214,110,2.147,NA,NA,NA,524.3711,337459,1,Positive,NA,C26H54NO7P,523.3638,(M+H)+,524.3711,0.1,0.1,92.58,LPC 18:0,1,LPC 18:0,100,LPC,Glycerophospholipid,PPL
Lysophophatidylcholine,LPC 18:1/0:0,C26 H52 N O7 P,521.3481,0.57,0,1.38,0.045,93806,211,188,1.384,NA,NA,NA,522.3554,158479,1,Positive,NA,C26H52NO7P,521.3481,(M+H)+,522.3554,-0.1,0.1,93.11,LPC 18:1,1,LPC 18:1,100,LPC,Glycerophospholipid,PPL
Lysophophatidylcholine,LPC 16:1/0:0,C24 H48 N O7 P,493.3167,1.17,0,0.8,0.138,8097,210,777,0.799,NA,NA,NA,494.3238,15845,1,Positive,NA,C24H48NO7P,493.3168,(M+H)+,494.3241,-0.6,0.6,92.96,LPC 16:1,1,LPC 16:1,100,LPC,Glycerophospholipid,PPL
Lysophophatidylcholine,LPC 18:2/0:0,C26 H50 N O7 P,519.3325,0.53,0,0.94,0.157,162492,212,130,0.939,NA,NA,NA,520.3398,271316,1,Positive,NA,C26H50NO7P,519.3325,(M+H)+,520.3398,0.1,0.1,95.82,LPC 18:2,1,LPC 18:2,100,LPC,Glycerophospholipid,PPL
Lysophophatidylcholine,LPC 20:3/0:0,C28 H52 N O7 P,545.3485,1.2,0,1.15,0.188,11520,213,699,1.151,NA,NA,NA,546.3555,19213,1,Positive,NA,C28H52NO7P,545.3481,(M+H)+,546.3554,0.1,0.1,83.59,LPC 20:3,1,LPC 20:3,100,LPC,Glycerophospholipid,PPL
Lysophophatidylcholine,LPC 20:4/0:0,C28 H50 N O7 P,543.3324,0.4,0,0.91,0.039,39474,211,678,0.82,NA,NA,NA,544.3394,20199,1,Positive,NA,C28H50NO7P,543.3325,(M+H)+,544.3398,-0.7,0.7,87.37,LPC 20:4,1,LPC 20:4,100,LPC,Glycerophospholipid,PPL
Lysophophatidylcholine,LPC 22:6/0:0,C30 H50 N O7 P,567.3319,1.1,0,0.87,0.115,8178,212,851,0.861,NA,NA,NA,568.3396,11870,1,Positive,NA,C30H50NO7P,567.3325,(M+H)+,568.3398,-0.4,0.4,81.46,LPC 22:6,1,LPC 22:6,100,LPC,Glycerophospholipid,PPL
Lysophophatidylcholine,LPC 18:1/0:0,C26 H52 N O7 P,521.3481,0.49,0,1.25,0.087,42988,209,212,1.128,NA,NA,NA,566.3462,63319,-1,Negative,NA,C26H52NO7P,521.3481,(M+CHO2)-,566.3463,-0.2,0.2,76.25,LPC 18:1,1,LPC 18:1,100,LPC,Glycerophospholipid,PPL
Lysophophatidylcholine,LPC 18:1/0:0(d7),C26 H45 D7 N O7 P,528.392,1.62,0,1.24,0.102,36020,210,113,1.245,NA,NA,NA,573.3902,134922,-1,Negative,NA,C26H45[2H]7NO7P,528.3921,(M+CHO2)-,573.3903,-0.2,0.2,94.37,LPC 18:1(d7),1,LPC__d 18:1+D7,100,LPC,Glycerophospholipid,PPL
Lysophophatidylcholine,LPC 18:2/0:0,C26 H50 N O7 P,519.3325,2.29,0,0.86,0.097,70742,210,64,0.865,NA,NA,NA,564.3307,273879,-1,Negative,NA,C26H50NO7P,519.3325,(M+CHO2)-,564.3307,0,0,95.45,LPC 18:2,1,LPC 18:2,100,LPC,Glycerophospholipid,PPL
Lysophophatidylcholine,LPC 18:3/0:0,C26 H48 N O7 P,517.3167,3.25,0,0.63,0.185,1730,196,1643,0.565,NA,NA,NA,562.3152,2004,-1,Negative,NA,C26H48NO7P,517.3168,(M+CHO2)-,562.315,0.2,0.2,71.06,LPC 18:3,1,LPC 18:3,100,LPC,Glycerophospholipid,PPL
Lysophophatidylcholine,LPC 20:1/0:0,C28 H56 N O7 P,549.3791,3,0,2.11,0.188,1361,211,1457,2.124,NA,NA,NA,594.3774,3312,-1,Negative,NA,C28H56NO7P,549.3794,(M+CHO2)-,594.3776,-0.5,0.5,75.96,LPC 20:1,1,LPC 20:1,100,LPC,Glycerophospholipid,PPL
Lysophophatidylcholine,LPC 20:2/0:0,C28 H54 N O7 P,547.3638,2.95,0,1.44,0.166,1483,208,1374,1.427,NA,NA,NA,592.3614,3937,-1,Negative,NA,C28H54NO7P,547.3638,(M+CHO2)-,592.362,-1.1,1.1,83.93,LPC 20:2,1,LPC 20:2,100,LPC,Glycerophospholipid,PPL
Lysophophatidylcholine,LPC 20:3/0:0,C28 H52 N O7 P,545.348,1.84,0,1.04,0.115,6794,210,1220,0.886,NA,NA,NA,590.3449,5407,-1,Negative,NA,C28H52NO7P,545.3481,(M+CHO2)-,590.3463,-2.4,2.4,72.58,LPC 20:3,1,LPC 20:3,100,LPC,Glycerophospholipid,PPL
Lysophophatidylcholine,LPC 20:4/0:0,C28 H50 N O7 P,543.3323,1.85,0,0.84,0.093,19100,210,201,0.84,NA,NA,NA,588.3307,66803,-1,Negative,NA,C28H50NO7P,543.3325,(M+CHO2)-,588.3307,0,0,87.24,LPC 20:4,1,LPC 20:4,100,LPC,Glycerophospholipid,PPL
Lysophophatidylcholine,LPC 22:6/0:0,C30 H50 N O7 P,567.333,3.48,0,0.79,0.173,6247,211,691,0.807,NA,NA,NA,612.3306,14513,-1,Negative,NA,C30H50NO7P,567.3325,(M+CHO2)-,612.3307,-0.2,0.2,61.36,LPC 22:6,1,LPC 22:6,100,LPC,Glycerophospholipid,PPL
Lysophophatidylcholine,LPC 18:1/0:0(d7),C26 H45 D7 N O7 P,528.392,0.22,0,1.36,0.092,77187,212,232,1.364,NA,NA,NA,529.3989,116971,1,Positive,NA,C26H45[2H]7NO7P,528.3921,(M+H)+,529.3994,-0.9,0.9,79.11,LPC 18:1(d7),1,LPC__d 18:1+D7,100,LPC,Glycerophospholipid,PPL
Lysophophatidylcholine,LPC 14:0/0:0,C22 H46 N O7 P,467.301,2.16,0,0.64,0.118,1937,209,1080,0.645,NA,NA,NA,512.3002,7147,-1,Negative,NA,C22H46NO7P,467.3012,(M+CHO2)-,512.2994,1.6,1.6,65.27,LPC 14:0,1,LPC 14:0,100,LPC,Glycerophospholipid,PPL
Lysophophatidylcholine,LPC 16:0/0:0,C24 H50 N O7 P,495.3325,0.24,0,1.11,0.074,167346,207,69,0.97,NA,NA,NA,540.3307,250156,-1,Negative,NA,C24H50NO7P,495.3325,(M+CHO2)-,540.3307,0.1,0.1,98.18,LPC 16:0,1,LPC 16:0,100,LPC,Glycerophospholipid,PPL
Lysophophatidylcholine,LPC 16:1/0:0,C24 H48 N O7 P,493.3167,1.32,0,0.73,0.141,4832,209,628,0.74,NA,NA,NA,538.315,16769,-1,Negative,NA,C24H48NO7P,493.3168,(M+CHO2)-,538.315,0,0,95.26,LPC 16:1,1,LPC 16:1,100,LPC,Glycerophospholipid,PPL
Lysophophatidylcholine,LPC 18:0/0:0,C26 H54 N O7 P,523.3637,0.27,0,1.95,0.062,86300,208,53,1.955,NA,NA,NA,568.362,336410,-1,Negative,NA,C26H54NO7P,523.3638,(M+CHO2)-,568.362,0,0,94.97,LPC 18:0,1,LPC 18:0,100,LPC,Glycerophospholipid,PPL
Lysophosphatidylethanolamine,LPE 18:1,C23 H46 N O7 P,479.3011,0.97,0,1.29,0.077,4040,208,973,1.135,NA,NA,NA,478.2937,8717,-1,Negative,NA,C23H46NO7P,479.3012,(M-H)-,478.2939,-0.4,0.4,92.72,LPE 18:1,1,LPE 18:1,100,LPE,Glycerophospholipid,PPL
Lysophosphatidylethanolamine,LPE 18:1(d7),C23 H39 D7 N O7 P,486.3451,1.11,0,1.27,0.074,9065,210,236,1.279,NA,NA,NA,485.3379,56351,-1,Negative,NA,C23H39[2H]7NO7P,486.3451,(M-H)-,485.3379,0.1,0.1,99.05,LPE 18:1(d7),1,LPE__d 18:1+D7,100,LPE,Glycerophospholipid,PPL
Lysophosphatidylethanolamine,LPE 18:2,C23 H44 N O7 P,477.2855,1.42,0,0.88,0.16,8012,210,231,0.888,NA,NA,NA,476.2782,57908,-1,Negative,NA,C23H44NO7P,477.2855,(M-H)-,476.2783,-0.2,0.2,98.39,LPE 18:2,1,LPE 18:2,100,LPE,Glycerophospholipid,PPL
Lysophosphatidylethanolamine,LPE 16:0,C21 H44 N O7 P,453.2855,1.57,0,1.13,0.187,3244,210,510,1.141,NA,NA,NA,452.2783,21726,-1,Negative,NA,C21H44NO7P,453.2855,(M-H)-,452.2783,0,0,97.11,LPE 16:0,1,LPE 16:0,100,LPE,Glycerophospholipid,PPL
Lysophosphatidylethanolamine,LPE 18:0,C23 H48 N O7 P,481.3168,1.15,0,2.01,0.08,4347,210,464,2.021,NA,NA,NA,480.3096,25399,-1,Negative,NA,C23H48NO7P,481.3168,(M-H)-,480.3096,0,0,98.33,LPE 18:0,1,LPE 18:0,100,LPE,Glycerophospholipid,PPL
Phosphatidylcholine,PC 16:0_18:3,C42 H78 N O8 P,755.5465,0.18,0,5.56,0.117,98662,206,177,5.568,NA,NA,NA,756.5539,166166,1,Positive,NA,C42H78NO8P,755.5465,(M+H)+,756.5538,0.1,0.1,89.93,PC 34:3,1,PC 16:0/18:3,100,PC,Glycerophospholipid,PPL
Phosphatidylcholine,PC 16:0_20:3,C44 H82 N O8 P,783.578,0.33,0,6.25,0.057,2071453,213,17,6.255,NA,NA,NA,784.5853,3552004,1,Positive,NA,C44H82NO8P,783.5778,(M+H)+,784.5851,0.3,0.3,90.32,PC 36:3,2,PC 16:0/20:3,92,PC,Glycerophospholipid,PPL
Phosphatidylcholine,PC 16:0_20:4,C44 H80 N O8 P,781.5625,0.26,0,5.89,0.104,6461005,215,57,6.684,NA,NA,NA,782.5673,750588,1,Positive,NA,C44H80NO8P,781.5622,(M+H)+,782.5694,-2.7,2.7,60.04,PC 36:4,1,PC 16:0/20:4,100,PC,Glycerophospholipid,PPL
Phosphatidylcholine,PC 16:0_20:5,C44 H78 N O8 P,779.5465,0.5,0,5.35,0.082,410698,215,63,5.361,NA,NA,NA,780.554,645293,1,Positive,NA,C44H78NO8P,779.5465,(M+H)+,780.5538,0.2,0.2,92.46,PC 36:5,1,PC 16:0/20:5,100,PC,Glycerophospholipid,PPL
Phosphatidylcholine,PC 16:0_22:4,C46 H84 N O8 P,809.5934,0.25,0,6.53,0.195,201532,208,116,6.536,NA,NA,NA,810.6009,318836,1,Positive,NA,C46H84NO8P,809.5935,(M+H)+,810.6007,0.2,0.2,88.49,PC 38:4,1,PC 16:0/22:4,100,PC,Glycerophospholipid,PPL
Phosphatidylcholine,PC 16:1_18:2,C42 H78 N O8 P,755.5466,0.87,0,5.44,0.085,245376,212,79,5.441,NA,NA,NA,756.554,479897,1,Positive,NA,C42H78NO8P,755.5465,(M+H)+,756.5538,0.3,0.3,93.75,PC 34:3,3,PC 16:1/18:2,52.5,PC,Glycerophospholipid,PPL
Phosphatidylcholine,PC 16:1_20:4,C44 H78 N O8 P,779.5464,0.37,0,5.18,0.072,42030,212,693,5.147,NA,NA,NA,780.5537,19651,1,Positive,NA,C44H78NO8P,779.5465,(M+H)+,780.5538,-0.1,0.1,78.21,PC 36:5,1,PC 16:1/20:4,100,PC,Glycerophospholipid,PPL
Phosphatidylcholine,PC 16:1_22:6,C46 H78 N O8 P,803.5465,1.04,0,5,0.187,11303,206,749,5.019,NA,NA,NA,804.5535,17032,1,Positive,NA,C46H78NO8P,803.5465,(M+H)+,804.5538,-0.3,0.3,76.87,PC 38:7,1,PC 16:1/22:6,100,PC,Glycerophospholipid,PPL
Phosphatidylcholine,PC 16:0_16:0,C40 H80 N O8 P,733.5621,0.85,0,6.57,0.046,305652,214,65,6.576,NA,NA,NA,734.5696,596302,1,Positive,NA,C40H80NO8P,733.5622,(M+H)+,734.5694,0.2,0.2,96.11,PC 32:0,1,PC 16:0/16:0,100,PC,Glycerophospholipid,PPL
Phosphatidylcholine,PC 16:0_16:1,C40 H78 N O8 P,731.5464,0.41,0,5.81,0.091,331685,213,66,5.813,NA,NA,NA,732.554,585972,1,Positive,NA,C40H78NO8P,731.5465,(M+H)+,732.5538,0.3,0.3,94.91,PC 32:1,1,PC 16:0/16:1,100,PC,Glycerophospholipid,PPL
Phosphatidylcholine,PC 16:0_18:0,C42 H84 N O8 P,761.5932,0.53,0,7.5,0.13,62009,214,226,7.513,NA,NA,NA,762.6007,123474,1,Positive,NA,C42H84NO8P,761.5935,(M+H)+,762.6007,0,0,91.02,PC 34:0,1,PC 16:0/18:0,100,PC,Glycerophospholipid,PPL
Phosphatidylcholine,PC 16:0_18:1,C42 H82 N O8 P,759.5781,0.39,0,6.68,0.049,5102666,214,7,6.684,NA,NA,NA,760.5852,7897182,1,Positive,NA,C42H82NO8P,759.5778,(M+H)+,760.5851,0.2,0.2,91.5,PC 34:1,1,PC 16:0/18:1,100,PC,Glycerophospholipid,PPL
Phosphatidylcholine,PC 16:0_18:2,C42 H80 N O8 P,757.5625,0.37,0,6,0.076,12132705,215,4,6.022,NA,NA,NA,758.5698,9229196,1,Positive,NA,C42H80NO8P,757.5622,(M+H)+,758.5694,0.4,0.4,83.01,PC 34:2,1,PC 16:0/18:2,100,PC,Glycerophospholipid,PPL
Phosphatidylcholine,PC 18:0_20:3,C46 H86 N O8 P,811.6092,0.52,0,7.17,0.116,922819,216,646,7.345,NA,NA,NA,812.6162,22684,1,Positive,NA,C46H86NO8P,811.6091,(M+H)+,812.6164,-0.2,0.2,71.33,PC 38:3,1,PC 18:0/20:3,100,PC,Glycerophospholipid,PPL
Phosphatidylcholine,PC 18:0_20:4,C46 H84 N O8 P,809.5938,0.11,0,6.78,0.039,3887848,210,9,6.791,NA,NA,NA,810.6006,6121288,1,Positive,NA,C46H84NO8P,809.5935,(M+H)+,810.6007,-0.1,0.1,87.43,PC 38:4,1,PC 18:0/20:4,100,PC,Glycerophospholipid,PPL
Phosphatidylcholine,PC 18:0_20:5,C46 H82 N O8 P,807.5782,0.64,0,6.22,0.092,362564,211,81,6.229,NA,NA,NA,808.585,474018,1,Positive,NA,C46H82NO8P,807.5778,(M+H)+,808.5851,-0.1,0.1,85.68,PC 38:5,1,PC 18:0/20:5,100,PC,Glycerophospholipid,PPL
Phosphatidylcholine,PC 18:0_22:4,C48 H88 N O8 P,837.6245,0.24,0,7.45,0.046,97973,212,169,7.458,NA,NA,NA,838.6321,170346,1,Positive,NA,C48H88NO8P,837.6248,(M+H)+,838.632,0,0,84.22,PC 40:4,1,PC 18:0/22:4,100,PC,Glycerophospholipid,PPL
Phosphatidylcholine,PC 18:0_22:5,C48 H86 N O8 P,835.609,0.38,0,6.83,0.058,214813,212,178,7.168,NA,NA,NA,836.616,164799,1,Positive,NA,C48H86NO8P,835.6091,(M+H)+,836.6164,-0.5,0.5,85.68,PC 40:5,1,PC 18:0/22:5,100,PC,Glycerophospholipid,PPL
Phosphatidylcholine,PC 18:1_18:2,C44 H82 N O8 P,783.578,0.62,0,6.1,0.094,1329884,212,21,6.109,NA,NA,NA,784.5852,2435197,1,Positive,NA,C44H82NO8P,783.5778,(M+H)+,784.5851,0.2,0.2,89.23,PC 36:3,2,PC 18:1/18:2,95,PC,Glycerophospholipid,PPL
Phosphatidylcholine,PC 18:1_18:3,C44 H80 N O8 P,781.562,0.2,0,5.67,0.039,65328,208,290,5.669,NA,NA,NA,782.5696,84045,1,Positive,NA,C44H80NO8P,781.5622,(M+H)+,782.5694,0.2,0.2,92.2,PC 36:4,2,PC 18:1/18:3,80.3,PC,Glycerophospholipid,PPL
Phosphatidylcholine,PC 18:1_20:1,C46 H88 N O8 P,813.6247,0.31,0,7.75,0.079,72682,211,221,7.767,NA,NA,NA,814.6319,129776,1,Positive,NA,C46H88NO8P,813.6248,(M+H)+,814.632,-0.1,0.1,87.65,PC 38:2,2,PC 18:1/20:1,55.5,PC,Glycerophospholipid,PPL
Phosphatidylcholine,PC 17:0_18:1,C43 H84 N O8 P,773.5932,0.65,0,7.16,0.163,62395,216,510,7.011,NA,NA,NA,774.6007,35335,1,Positive,NA,C43H84NO8P,773.5935,(M+H)+,774.6007,-0.1,0.1,90.86,PC 35:1,1,PC 17:0/18:1,100,PC,Glycerophospholipid,PPL
Phosphatidylcholine,PC 17:0_18:2,C43 H82 N O8 P,771.5778,0.54,0,6.46,0.109,165020,213,117,6.466,NA,NA,NA,772.5852,316931,1,Positive,NA,C43H82NO8P,771.5778,(M+H)+,772.5851,0.2,0.2,90.29,PC 35:2,1,PC 17:0/18:2,100,PC,Glycerophospholipid,PPL
Phosphatidylcholine,PC 17:0_20:4,C45 H82 N O8 P,795.5776,0.31,0,6.33,0.066,84854,212,340,6.209,NA,NA,NA,796.5849,67155,1,Positive,NA,C45H82NO8P,795.5778,(M+H)+,796.5851,-0.2,0.2,86.27,PC 37:4,1,PC 17:0/20:4,100,PC,Glycerophospholipid,PPL
Phosphatidylcholine,PC 18:0_18:1,C44 H86 N O8 P,787.6093,0.3,0,7.61,0.129,830118,213,27,7.619,NA,NA,NA,788.6166,1756176,1,Positive,NA,C44H86NO8P,787.6091,(M+H)+,788.6164,0.3,0.3,89.27,PC 36:1,1,PC 18:0/18:1,100,PC,Glycerophospholipid,PPL
Phosphatidylcholine,PC 18:0_18:2,C44 H84 N O8 P,785.5938,0.3,0,6.91,0.056,7016406,215,3,6.918,NA,NA,NA,786.601,9352979,1,Positive,NA,C44H84NO8P,785.5935,(M+H)+,786.6007,0.4,0.4,87.68,PC 36:2,2,PC 18:0/18:2,93.4,PC,Glycerophospholipid,PPL
Phosphatidylcholine,PC 14:0_16:0,C38 H76 N O8 P,705.5307,0.31,0,5.68,0.065,75976,211,199,5.684,NA,NA,NA,706.5382,147358,1,Positive,NA,C38H76NO8P,705.5309,(M+H)+,706.5381,0.1,0.1,97.32,PC 30:0,1,PC 14:0/16:0,100,PC,Glycerophospholipid,PPL
Phosphatidylcholine,PC 14:0_16:1,C38 H74 N O8 P,703.5151,1.18,0,4.99,0.082,10389,211,799,5.003,NA,NA,NA,704.5222,14436,1,Positive,NA,C38H74NO8P,703.5152,(M+H)+,704.5225,-0.4,0.4,93.22,PC 30:1,1,PC 14:0/16:1,100,PC,Glycerophospholipid,PPL
Phosphatidylcholine,PC 14:0_18:2,C40 H76 N O8 P,729.5298,0.73,0,5.17,0.113,96633,213,165,5.179,NA,NA,NA,730.538,176127,1,Positive,NA,C40H76NO8P,729.5309,(M+H)+,730.5381,-0.1,0.1,94.69,PC 32:2,1,PC 14:0/18:2,100,PC,Glycerophospholipid,PPL
Phosphatidylcholine,PC 14:0_22:6,C44 H76 N O8 P,777.5309,0.87,0,4.9,0.105,12012,206,710,4.903,NA,NA,NA,778.538,18946,1,Positive,NA,C44H76NO8P,777.5309,(M+H)+,778.5381,-0.1,0.1,84.36,PC 36:6,1,PC 14:0/22:6,100,PC,Glycerophospholipid,PPL
Phosphatidylcholine,PC 15:0_18:1,C41 H80 N O8 P,745.5619,0.87,0,6.23,0.108,65142,216,230,6.237,NA,NA,NA,746.5694,117850,1,Positive,NA,C41H80NO8P,745.5622,(M+H)+,746.5694,0,0,93.42,PC 33:1,2,PC 15:0/18:1,92.2,PC,Glycerophospholipid,PPL
Phosphatidylcholine,PC 15:0_18:1(d7),C41 H73 D7 N O8 P,752.6062,0.47,0,6.2,0.189,1249307,212,22,6.206,NA,NA,NA,753.6137,2403798,1,Positive,NA,C41H73[2H]7NO8P,752.6061,(M+H)+,753.6134,0.4,0.4,92.17,PC 33:1(d7),1,PC__d 15:0/18:1+D7,100,PC,Glycerophospholipid,PPL
Phosphatidylcholine,PC 15:0_18:2,C41 H78 N O8 P,743.5464,0.62,0,5.58,0.106,83123,213,191,5.584,NA,NA,NA,744.5538,155116,1,Positive,NA,C41H78NO8P,743.5465,(M+H)+,744.5538,0.1,0.1,93.7,PC 33:2,1,PC 15:0/18:2,100,PC,Glycerophospholipid,PPL
Phosphatidylcholine,PC 15:0_20:4,C43 H78 N O8 P,767.546,0.77,0,5.46,0.156,72097,214,260,5.466,NA,NA,NA,768.5538,101974,1,Positive,NA,C43H78NO8P,767.5465,(M+H)+,768.5538,0,0,93.34,PC 35:4,2,PC 15:0/20:4,67.7,PC,Glycerophospholipid,PPL
Phosphatidylcholine,PC 15:0_22:6,C45 H78 N O8 P,791.5441,2.22,0,5.27,0.116,23783,192,705,5.284,NA,NA,NA,792.5536,19071,1,Positive,NA,C45H78NO8P,791.5465,(M+H)+,792.5538,-0.3,0.3,89.14,PC 37:6,1,PC 15:0/22:6,100,PC,Glycerophospholipid,PPL
Phosphatidylcholine,PC 37:3,C45 H84 N O8 P,797.5933,0.53,0,6.7,0.151,26138,211,454,6.707,NA,NA,NA,798.6006,42863,1,Positive,NA,C45H84NO8P,797.5935,(M+H)+,798.6007,-0.2,0.2,64.38,PC 37:3,12,NA,NA,PC,Glycerophospholipid,PPL
Phosphatidylcholine,PC 39:5,C47 H84 N O8 P,821.593,0.97,0,6.39,0.086,9000,212,837,6.395,NA,NA,NA,822.6003,12575,1,Positive,NA,C47H84NO8P,821.5935,(M+H)+,822.6007,-0.5,0.5,93.47,PC 39:5,11,NA,NA,PC,Glycerophospholipid,PPL
Phosphatidylcholine,PC 40:6,C48 H84 N O8 P,833.5937,0.68,0,6.56,0.055,589513,211,529,6.137,NA,NA,NA,834.6005,32882,1,Positive,NA,C48H84NO8P,833.5935,(M+H)+,834.6007,-0.3,0.3,83.27,PC 40:6,11,NA,NA,PC,Glycerophospholipid,PPL
Phosphatidylcholine,PC 40:7,C48 H82 N O8 P,831.577,1.17,0,5.88,0.179,32213,201,455,5.894,NA,NA,NA,832.5844,42532,1,Positive,NA,C48H82NO8P,831.5778,(M+H)+,832.5851,-0.8,0.8,87.66,PC 40:7,8,NA,NA,PC,Glycerophospholipid,PPL
Phosphatidylcholine,PC 42:10,C50 H80 N O8 P,853.562,1.58,0,5.03,0.107,8595,209,870,5.034,NA,NA,NA,854.5684,10769,1,Positive,NA,C50H80NO8P,853.5622,(M+H)+,854.5694,-1.2,1.2,70.55,PC 42:10,2,NA,NA,PC,Glycerophospholipid,PPL
Phosphatidylcholine,PC 12:0_16:0,C36 H72 N O8 P,677.4996,2.52,0,4.73,0.136,5560,210,756,4.726,NA,NA,NA,722.4974,12687,-1,Negative,NA,C36H72NO8P,677.4996,(M+CHO2)-,722.4978,-0.5,0.5,82.87,PC 28:0,3,PC 12:0/16:0,50.7,PC,Glycerophospholipid,PPL
Phosphatidylcholine,PC 14:0_16:0,C38 H76 N O8 P,705.5309,1.83,0,5.5,0.144,30611,210,198,5.494,NA,NA,NA,750.5288,67047,-1,Negative,NA,C38H76NO8P,705.5309,(M+CHO2)-,750.5291,-0.3,0.3,96.69,PC 30:0,3,PC 14:0/16:0,74.2,PC,Glycerophospholipid,PPL
Phosphatidylcholine,PC 14:0_18:2,C40 H76 N O8 P,729.5307,0.41,0,5.01,0.085,49775,210,95,5.008,NA,NA,NA,774.529,161309,-1,Negative,NA,C40H76NO8P,729.5309,(M+CHO2)-,774.5291,-0.1,0.1,97,PC 32:2,3,PC 14:0/18:2,73.1,PC,Glycerophospholipid,PPL
Phosphatidylcholine,PC 14:0_22:6,C44 H76 N O8 P,777.5306,1.45,0,4.74,0.123,6836,210,775,4.791,NA,NA,NA,822.5318,12272,-1,Negative,NA,C44H76NO8P,777.5309,(M+CHO2)-,822.5291,3.4,3.4,85.27,PC 36:6,3,PC 14:0/22:6,62.1,PC,Glycerophospholipid,PPL
Phosphatidylcholine,PC 15:0_18:2,C41 H78 N O8 P,743.546,1.23,0,5.39,0.056,36180,209,178,5.391,NA,NA,NA,788.5446,75796,-1,Negative,NA,C41H78NO8P,743.5465,(M+CHO2)-,788.5447,-0.2,0.2,90.75,PC 33:2,2,PC 15:0/18:2,76.4,PC,Glycerophospholipid,PPL
Phosphatidylcholine,PC 15:0_20:4,C43 H78 N O8 P,767.546,0.62,0,5.28,0.061,118657,211,322,5.288,NA,NA,NA,812.5445,41019,-1,Negative,NA,C43H78NO8P,767.5465,(M+CHO2)-,812.5447,-0.3,0.3,90.49,PC 35:4,2,PC 15:0/20:4,77,PC,Glycerophospholipid,PPL
Phosphatidylcholine,PC 16:0_16:0,C40 H80 N O8 P,733.562,1.46,0,6.37,0.157,144811,209,52,6.365,NA,NA,NA,778.5604,339701,-1,Negative,NA,C40H80NO8P,733.5622,(M+CHO2)-,778.5604,0.1,0.1,97.57,PC 32:0,3,PC 16:0/16:0,64.5,PC,Glycerophospholipid,PPL
Phosphatidylcholine,PC 16:0_16:1,C40 H78 N O8 P,731.5464,1.37,0,5.62,0.109,163557,210,45,5.61,NA,NA,NA,776.5448,398188,-1,Negative,NA,C40H78NO8P,731.5465,(M+CHO2)-,776.5447,0.1,0.1,96.7,PC 32:1,3,PC 16:0/16:1,56.1,PC,Glycerophospholipid,PPL
Phosphatidylcholine,PC 16:0_18:2,C42 H80 N O8 P,757.5623,0.54,0,5.8,0.051,2994062,212,1,5.804,NA,NA,NA,802.5605,5178181,-1,Negative,NA,C42H80NO8P,757.5622,(M+CHO2)-,802.5604,0.2,0.2,93.62,PC 34:2,1,PC 16:0/18:2,100,PC,Glycerophospholipid,PPL
Phosphatidylcholine,PC 16:0_20:4,C44 H80 N O8 P,781.5622,0.61,0,5.69,0.081,1823882,212,3,5.685,NA,NA,NA,826.5606,3504268,-1,Negative,NA,C44H80NO8P,781.5622,(M+CHO2)-,826.5604,0.3,0.3,93.25,PC 36:4,1,PC 16:0/20:4,100,PC,Glycerophospholipid,PPL
Phosphatidylcholine,PC 16:0_22:4,C46 H84 N O8 P,809.5934,1.21,0,6.31,0.127,76441,211,88,6.304,NA,NA,NA,854.5916,178498,-1,Negative,NA,C46H84NO8P,809.5935,(M+CHO2)-,854.5917,0,0,96.88,PC 38:4,4,PC 16:0/22:4,46.6,PC,Glycerophospholipid,PPL
Phosphatidylcholine,PC 16:0_22:6,C46 H80 N O8 P,805.5623,0.39,0,5.49,0.048,627950,209,12,5.49,NA,NA,NA,850.5606,1241681,-1,Negative,NA,C46H80NO8P,805.5622,(M+CHO2)-,850.5604,0.3,0.3,91.61,PC 38:6,1,PC 16:0/22:6,100,PC,Glycerophospholipid,PPL
Phosphatidylcholine,PC 18:0_18:1,C44 H86 N O8 P,787.609,0.25,0,7.39,0.073,342270,209,20,7.383,NA,NA,NA,832.6075,866732,-1,Negative,NA,C44H86NO8P,787.6091,(M+CHO2)-,832.6073,0.2,0.2,94.73,PC 36:1,2,PC 18:0/18:1,69.7,PC,Glycerophospholipid,PPL
Phosphatidylcholine,PC 18:0_18:2,C44 H84 N O8 P,785.5936,0.24,0,6.69,0.014,1871845,209,2,6.693,NA,NA,NA,830.5918,4040574,-1,Negative,NA,C44H84NO8P,785.5935,(M+CHO2)-,830.5917,0.2,0.2,95.18,PC 36:2,3,PC 18:0/18:2,62.8,PC,Glycerophospholipid,PPL
Phosphatidylcholine,PC 18:0_20:2,C46 H88 N O8 P,813.6246,1.06,0,7.53,0.058,39960,212,93,7.542,NA,NA,NA,858.6229,165258,-1,Negative,NA,C46H88NO8P,813.6248,(M+CHO2)-,858.623,-0.1,0.1,96.06,PC 38:2,4,PC 18:0/20:2,42.6,PC,Glycerophospholipid,PPL
Phosphatidylcholine,PC 18:0_22:4,C48 H88 N O8 P,837.6245,0.59,0,7.22,0.065,51377,208,111,7.217,NA,NA,NA,882.6229,137758,-1,Negative,NA,C48H88NO8P,837.6248,(M+CHO2)-,882.623,-0.1,0.1,91.69,PC 40:4,1,PC 18:0/22:4,100,PC,Glycerophospholipid,PPL
Phosphatidylcholine,PC 18:0_22:5,C48 H86 N O8 P,835.609,0.61,0,6.61,0.131,87279,211,90,6.614,NA,NA,NA,880.6072,175411,-1,Negative,NA,C48H86NO8P,835.6091,(M+CHO2)-,880.6073,-0.1,0.1,94.56,PC 40:5,2,PC 18:0/22:5,63.5,PC,Glycerophospholipid,PPL
Phosphatidylcholine,PC 18:1_18:2,C44 H82 N O8 P,783.5776,0.82,0,5.9,0.124,497213,211,15,5.904,NA,NA,NA,828.5761,1102949,-1,Negative,NA,C44H82NO8P,783.5778,(M+CHO2)-,828.576,0.1,0.1,96.33,PC 36:3,3,PC 18:1/18:2,62.2,PC,Glycerophospholipid,PPL
Phosphatidylcholine,PC 18:1_20:3,C46 H84 N O8 P,809.593,0.69,0,6.14,0.135,51453,208,106,6.139,NA,NA,NA,854.5915,148086,-1,Negative,NA,C46H84NO8P,809.5935,(M+CHO2)-,854.5917,-0.2,0.2,94.98,PC 38:4,3,PC 18:1/20:3,60.3,PC,Glycerophospholipid,PPL
Phosphatidylcholine,PC 18:2_18:3,C44 H78 N O8 P,779.546,1.58,0,4.79,0.153,9470,206,424,4.792,NA,NA,NA,824.5444,28173,-1,Negative,NA,C44H78NO8P,779.5465,(M+CHO2)-,824.5447,-0.3,0.3,95.14,PC 36:5,2,PC 18:2/18:3,73.6,PC,Glycerophospholipid,PPL
Phosphatidylcholine,PC 18:2_20:5,C46 H78 N O8 P,803.5464,1.22,0,4.7,0.149,6522,207,542,4.708,NA,NA,NA,848.5446,20233,-1,Negative,NA,C46H78NO8P,803.5465,(M+CHO2)-,848.5447,-0.2,0.2,92.53,PC 38:7,2,PC 18:2/20:5,64.9,PC,Glycerophospholipid,PPL
Phosphatidylcholine,PC 18:1_20:3,C46 H84 N O8 P,809.5931,0.41,0,6.35,0.107,130010,207,161,6.354,NA,NA,NA,810.6007,181133,1,Positive,NA,C46H84NO8P,809.5935,(M+H)+,810.6007,0,0,86.63,PC 38:4,1,PC 18:1/20:3,100,PC,Glycerophospholipid,PPL
Phosphatidylcholine,PC 18:1_20:4,C46 H82 N O8 P,807.5779,0.5,0,5.96,0.122,809778,212,37,5.958,NA,NA,NA,808.5853,1288527,1,Positive,NA,C46H82NO8P,807.5778,(M+H)+,808.5851,0.3,0.3,88,PC 38:5,2,PC 18:1/20:4,82.1,PC,Glycerophospholipid,PPL
Phosphatidylcholine,PC 18:1_22:6,C48 H82 N O8 P,831.5775,0.51,0,5.77,0.124,67844,212,245,5.777,NA,NA,NA,832.585,110971,1,Positive,NA,C48H82NO8P,831.5778,(M+H)+,832.5851,-0.1,0.1,82.47,PC 40:7,1,PC 18:1/22:6,100,PC,Glycerophospholipid,PPL
Phosphatidylcholine,PC 18:2_18:3,C44 H78 N O8 P,779.5462,0.69,0,4.95,0.14,19660,206,557,4.952,NA,NA,NA,780.5535,30012,1,Positive,NA,C44H78NO8P,779.5465,(M+H)+,780.5538,-0.3,0.3,91.11,PC 36:5,1,PC 18:2/18:3,100,PC,Glycerophospholipid,PPL
Phosphatidylcholine,PC 18:2_20:5,C46 H78 N O8 P,803.5462,1.02,0,4.86,0.137,13445,213,684,4.869,NA,NA,NA,804.5534,19954,1,Positive,NA,C46H78NO8P,803.5465,(M+H)+,804.5538,-0.5,0.5,84.11,PC 38:7,1,PC 18:2/20:5,100,PC,Glycerophospholipid,PPL
Phosphatidylcholine,PC 19:0_18:2,C45 H86 N O8 P,799.609,0.42,0,7.38,0.099,21101,213,495,7.394,NA,NA,NA,800.6164,37784,1,Positive,NA,C45H86NO8P,799.6091,(M+H)+,800.6164,0,0,87.11,PC 37:2,1,PC 19:0/18:2,100,PC,Glycerophospholipid,PPL
Phosphatidylcholine,PC 19:1_18:2,C45 H84 N O8 P,797.5935,0.58,0,6.55,0.144,18514,172,619,6.568,NA,NA,NA,798.6007,24470,1,Positive,NA,C45H84NO8P,797.5935,(M+H)+,798.6007,-0.1,0.1,84.47,PC 37:3,1,PC 19:1/18:2,100,PC,Glycerophospholipid,PPL
Phosphatidylcholine,PC 20:0_20:4,C48 H88 N O8 P,837.6241,0.73,0,7.72,0.11,11371,212,721,7.728,NA,NA,NA,838.6316,18350,1,Positive,NA,C48H88NO8P,837.6248,(M+H)+,838.632,-0.5,0.5,83.07,PC 40:4,1,PC 20:0/20:4,100,PC,Glycerophospholipid,PPL
Phosphatidylcholine,PC 20:1_18:2,C46 H86 N O8 P,811.6079,0.42,0,6.94,0.09,57703,194,269,6.949,NA,NA,NA,812.615,95861,1,Positive,NA,C46H86NO8P,811.6091,(M+H)+,812.6164,-1.7,1.7,83.82,PC 38:3,1,PC 20:1/18:2,100,PC,Glycerophospholipid,PPL
Phosphatidylcholine,PC 20:3_20:4,C48 H82 N O8 P,831.5776,0.63,0,5.57,0.108,13474,188,763,5.571,NA,NA,NA,832.585,16200,1,Positive,NA,C48H82NO8P,831.5778,(M+H)+,832.5851,-0.1,0.1,77,PC 40:7,1,PC 20:3/20:4,100,PC,Glycerophospholipid,PPL
Phosphatidylcholine,PC 31:0,C39 H78 N O8 P,719.5459,0.98,0,6.11,0.14,15880,214,633,6.118,NA,NA,NA,720.5537,23532,1,Positive,NA,C39H78NO8P,719.5465,(M+H)+,720.5538,-0.2,0.2,94.33,PC 31:0,12,NA,NA,PC,Glycerophospholipid,PPL
Phosphatidylcholine,PC 33:0,C41 H82 N O8 P,747.5775,0.75,0,6.87,0.187,13730,208,826,6.91,NA,NA,NA,748.5849,13260,1,Positive,NA,C41H82NO8P,747.5778,(M+H)+,748.5851,-0.2,0.2,95.9,PC 33:0,11,NA,NA,PC,Glycerophospholipid,PPL
Phosphatidylcholine,PC 34:4,C42 H76 N O8 P,753.5306,0.71,0,5.07,0.086,41551,212,380,5.075,NA,NA,NA,754.5379,55611,1,Positive,NA,C42H76NO8P,753.5309,(M+H)+,754.5381,-0.3,0.3,95.13,PC 34:4,11,NA,NA,PC,Glycerophospholipid,PPL
Phosphatidylcholine,PC 36:2,C44 H84 N O8 P,785.5935,0.28,0,6.79,0.105,477078,213,56,6.789,NA,NA,NA,786.6009,762872,1,Positive,NA,C44H84NO8P,785.5935,(M+H)+,786.6007,0.3,0.3,89.35,PC 36:2,2,NA,NA,PC,Glycerophospholipid,PPL
Phosphatidylcholine,PC 18:2_22:6,C48 H80 N O8 P,829.5619,1.25,0,5.02,0.136,10886,210,609,4.998,NA,NA,NA,874.5602,17720,-1,Negative,NA,C48H80NO8P,829.5622,(M+CHO2)-,874.5604,-0.2,0.2,93.4,PC 40:8,2,PC 18:2/22:6,64.9,PC,Glycerophospholipid,PPL
Phosphatidylcholine,PC 20:1_18:2,C46 H86 N O8 P,811.6081,1.22,0,6.74,0.184,13439,203,616,6.738,NA,NA,NA,856.6067,17369,-1,Negative,NA,C46H86NO8P,811.6091,(M+CHO2)-,856.6073,-0.8,0.8,93.87,PC 38:3,3,PC 20:1/18:2,45.9,PC,Glycerophospholipid,PPL
Phosphatidylcholine,PC 20:2_20:4,C48 H84 N O8 P,833.5935,1.2,0,5.92,0.154,9911,211,546,5.934,NA,NA,NA,878.5915,20142,-1,Negative,NA,C48H84NO8P,833.5935,(M+CHO2)-,878.5917,-0.2,0.2,83.37,PC 40:6,2,PC 20:2/20:4,58.5,PC,Glycerophospholipid,PPL
Phosphatidylcholine,PC 30:1,C38 H74 N O8 P,703.5151,1.91,0,4.84,0.195,5121,212,622,4.844,NA,NA,NA,748.5134,17129,-1,Negative,NA,C38H74NO8P,703.5152,(M+CHO2)-,748.5134,0,0,91.41,PC 30:1,2,NA,NA,PC,Glycerophospholipid,PPL
Phosphatidylcholine,PC 38:5,C46 H82 N O8 P,807.5778,0.9,0,5.75,0.111,284717,210,71,6.005,NA,NA,NA,852.576,230291,-1,Negative,NA,C46H82NO8P,807.5778,(M+CHO2)-,852.576,0,0,94.46,PC 38:5,3,NA,NA,PC,Glycerophospholipid,PPL
Phosphatidylcholine,PC 40:7,C48 H82 N O8 P,831.5774,1.16,0,5.38,0.169,5274,206,889,5.376,NA,NA,NA,876.5758,10095,-1,Negative,NA,C48H82NO8P,831.5778,(M+CHO2)-,876.576,-0.2,0.2,91.83,PC 40:7,2,NA,NA,PC,Glycerophospholipid,PPL
Phosphatidylethanolamine,PE 16:0_18:1,C39 H76 N O8 P,717.531,1.62,0,6.72,0.088,19670,210,123,6.732,NA,NA,NA,716.5234,120133,-1,Negative,NA,C39H76NO8P,717.5309,(M-H)-,716.5236,-0.3,0.3,94.49,PE 34:1,1,PE 16:0/18:1,100,PE,Glycerophospholipid,PPL
Phosphatidylethanolamine,PE 17:0_20:4,C42 H76 N O8 P,753.5314,2.32,0,6.36,0.168,3405,209,803,6.383,NA,NA,NA,752.5243,11560,-1,Negative,NA,C42H76NO8P,753.5309,(M-H)-,752.5236,0.9,0.9,69.65,PE 37:4,1,PE 17:0/20:4,100,PE,Glycerophospholipid,PPL
Phosphatidylethanolamine,PE 18:0_18:1,C41 H80 N O8 P,745.5619,1.27,0,7.65,0.093,16240,209,227,7.662,NA,NA,NA,744.5547,59036,-1,Negative,NA,C41H80NO8P,745.5622,(M-H)-,744.5549,-0.2,0.2,93.57,PE 36:1,1,PE 18:0/18:1,100,PE,Glycerophospholipid,PPL
Phosphatidylethanolamine,PE 16:0_16:1,C37 H72 N O8 P,689.5009,2.7,0,5.83,0.148,5502,211,720,5.856,NA,NA,NA,688.492,13665,-1,Negative,NA,C37H72NO8P,689.4996,(M-H)-,688.4923,-0.3,0.3,88.73,PE 32:1,1,PE 16:0/16:1,100,PE,Glycerophospholipid,PPL
Phosphatidylethanolamine,PE 20:4_22:5,C47 H76 N O8 P,813.5287,2.52,0,4.45,0.113,2511,209,1578,4.441,NA,NA,NA,812.5221,2511,-1,Negative,NA,C47H76NO8P,813.5309,(M-H)-,812.5236,-1.8,1.8,61.08,PE 42:9,1,PE 20:4/22:5,100,PE,Glycerophospholipid,PPL
Phosphatidylethanolamine,PE 36:3,C41 H76 N O8 P,741.5308,1.77,0,6.28,0.156,6807,202,302,6.288,NA,NA,NA,740.5235,42835,-1,Negative,NA,C41H76NO8P,741.5309,(M-H)-,740.5236,-0.1,0.1,95.65,PE 36:3,3,NA,NA,PE,Glycerophospholipid,PPL
Phosphatidylethanolamine,PE 18:0_20:4,C43 H78 N O8 P,767.5465,2.03,0,6.82,0.083,140349,210,237,5.296,NA,NA,NA,766.5389,56066,-1,Negative,NA,C43H78NO8P,767.5465,(M-H)-,766.5392,-0.5,0.5,94.86,PE 38:4,3,PE 18:0/20:4,56.5,PE,Glycerophospholipid,PPL
Phosphatidylethanolamine,PE 18:0_22:4,C45 H82 N O8 P,795.5774,1.89,0,7.47,0.111,5480,212,1057,6.3,NA,NA,NA,794.5703,7406,-1,Negative,NA,C45H82NO8P,795.5778,(M-H)-,794.5705,-0.3,0.3,87.19,PE 40:4,4,PE 18:0/22:4,42.1,PE,Glycerophospholipid,PPL
Phosphatidylethanolamine,PE 18:0_18:2,C41 H78 N O8 P,743.5463,0.74,0,6.96,0.099,69745,209,56,6.956,NA,NA,NA,742.5393,332141,-1,Negative,NA,C41H78NO8P,743.5465,(M-H)-,742.5392,0.1,0.1,92.45,PE 36:2,2,PE 18:0/18:2,90.7,PE,Glycerophospholipid,PPL
Phosphatidylethanolamine,PE 18:0_20:3,C43 H80 N O8 P,769.5619,0.92,0,7.2,0.124,11046,211,210,6.046,NA,NA,NA,768.5547,63709,-1,Negative,NA,C43H80NO8P,769.5622,(M-H)-,768.5549,-0.3,0.3,96.34,PE 38:3,1,PE 18:0/20:3,100,PE,Glycerophospholipid,PPL
Phosphatidylethanolamine,PE 18:0_22:5,C45 H80 N O8 P,793.5618,1.27,0,7.19,0.108,7175,208,506,7.206,NA,NA,NA,792.5547,22235,-1,Negative,NA,C45H80NO8P,793.5622,(M-H)-,792.5549,-0.2,0.2,79.55,PE 40:5,1,PE 18:0/22:5,100,PE,Glycerophospholipid,PPL
Phosphatidylethanolamine,PE 18:1_20:4,C43 H76 N O8 P,765.5306,0.95,0,6.01,0.181,20953,210,79,6.019,NA,NA,NA,764.5235,199126,-1,Negative,NA,C43H76NO8P,765.5309,(M-H)-,764.5236,-0.1,0.1,95.42,PE 38:5,2,PE 18:1/20:4,72.7,PE,Glycerophospholipid,PPL
Phosphatidylinositol,PI 16:0_18:2,C43 H79 O13 P,834.525,0.95,0,5.1,0.109,27877,210,157,5.11,NA,NA,NA,833.5186,85855,-1,Negative,NA,C43H79O13P,834.5258,(M-H)-,833.5186,0,0,96.89,PI 34:2,2,PI 16:0/18:2,58.7,PI,Glycerophospholipid,PPL
Phosphatidylinositol,PI 16:0_22:6,C47 H79 O13 P,882.5268,1.46,0,4.85,0.086,5902,200,600,4.86,NA,NA,NA,881.5194,17946,-1,Negative,NA,C47H79O13P,882.5258,(M-H)-,881.5186,1,1,91.35,PI 38:6,1,PI 16:0/22:6,100,PI,Glycerophospholipid,PPL
Phosphatidylinositol,PI 18:1_20:4,C47 H81 O13 P,884.5415,1.35,0,5.2,0.141,7143,204,148,5.266,NA,NA,NA,883.5341,91733,-1,Negative,NA,C47H81O13P,884.5415,(M-H)-,883.5342,-0.1,0.1,95.32,PI 38:5,4,PI 18:1/20:4,34.7,PI,Glycerophospholipid,PPL
Phosphatidylinositol,PI 36:3,C45 H81 O13 P,860.5412,1.73,0,5.29,0.085,9060,204,86,5.301,NA,NA,NA,859.5341,180245,-1,Negative,NA,C45H81O13P,860.5415,(M-H)-,859.5342,-0.1,0.1,96.62,PI 36:3,2,NA,NA,PI,Glycerophospholipid,PPL
Phosphatidylinositol,PI 18:0_20:3,C47 H85 O13 P,888.5731,1.66,0,6.12,0.169,29864,209,138,6.138,NA,NA,NA,887.5654,100502,-1,Negative,NA,C47H85O13P,888.5728,(M-H)-,887.5655,-0.1,0.1,96.51,PI 38:3,1,PI 18:0/20:3,100,PI,Glycerophospholipid,PPL
Phosphatidylinositol,PI 18:0_22:6,C49 H83 O13 P,910.5594,1.38,0,5.59,0.123,12402,210,387,5.615,NA,NA,NA,909.5504,31979,-1,Negative,NA,C49H83O13P,910.5571,(M-H)-,909.5499,0.6,0.6,92.01,PI 40:6,1,PI 18:0/22:6,100,PI,Glycerophospholipid,PPL
Sphingomyelin,SM d18:1_18:1(d9),C41 H72 D9 N2 O6 P,737.6396,0.46,0,5.7,0.052,158732,211,128,5.705,NA,NA,NA,738.647,278487,1,Positive,NA,C41H72[2H]9N2O6P,737.6397,(M+H)+,738.647,0.1,0.1,99.09,SM d36:2(d9),1,SM__d d18:1/18:1+D9,100,SM,Sphingolipid,SPL
Sphingomyelin,SM d30:1,C35 H71 N2 O6 P,646.5061,2.27,0,4.05,0.131,8436,210,831,4.054,NA,NA,NA,647.5124,12912,1,Positive,NA,C35H71N2O6P,646.505,(M+H)+,647.5123,0.3,0.3,91.33,SM d30:1,10,NA,NA,SM,Sphingolipid,SPL
Sphingomyelin,SM d32:1,C37 H75 N2 O6 P,674.5363,0.14,0,4.76,0.024,156893,210,125,4.762,NA,NA,NA,675.5437,288437,1,Positive,NA,C37H75N2O6P,674.5363,(M+H)+,675.5436,0.2,0.2,99.74,SM d32:1,13,NA,NA,SM,Sphingolipid,SPL
Sphingomyelin,SM d33:1,C38 H77 N2 O6 P,688.5519,0.18,0,5.16,0.022,83885,210,180,5.164,NA,NA,NA,689.5591,164225,1,Positive,NA,C38H77N2O6P,688.5519,(M+H)+,689.5592,-0.1,0.1,99.45,SM d33:1,2,NA,NA,SM,Sphingolipid,SPL
Sphingomyelin,SM d34:0,C39 H81 N2 O6 P,704.5832,1.08,0,5.93,0.064,75975,212,200,5.933,NA,NA,NA,705.5905,145107,1,Positive,NA,C39H81N2O6P,704.5832,(M+H)+,705.5905,0,0,98.88,SM d34:0,9,NA,NA,SM,Sphingolipid,SPL
Sphingomyelin,SM d35:1,C40 H81 N2 O6 P,716.5832,0.65,0,6.03,0.107,43105,212,752,5.881,NA,NA,NA,717.5903,16824,1,Positive,NA,C40H81N2O6P,716.5832,(M+H)+,717.5905,-0.2,0.2,96.7,SM d35:1,19,NA,NA,SM,Sphingolipid,SPL
Sphingomyelin,SM d36:0,C41 H85 N2 O6 P,732.6146,0.86,0,6.88,0.042,25164,211,526,6.881,NA,NA,NA,733.6217,33278,1,Positive,NA,C41H85N2O6P,732.6145,(M+H)+,733.6218,-0.2,0.2,95.47,SM d36:0,11,NA,NA,SM,Sphingolipid,SPL
Sphingomyelin,SM d44:2,C49 H97 N2 O6 P,840.7077,1.71,0,9.08,0.128,5504,210,739,9.084,NA,NA,NA,885.7063,13105,-1,Negative,NA,C49H97N2O6P,840.7084,(M+CHO2)-,885.7066,-0.3,0.3,63.04,SM d44:2,41,NA,NA,SM,Sphingolipid,SPL
Sphingomyelin,SM d44:3,C49 H95 N2 O6 P,838.692,1.05,0,8.32,0.177,5434,211,688,8.316,NA,NA,NA,883.6907,14643,-1,Negative,NA,C49H95N2O6P,838.6928,(M+CHO2)-,883.691,-0.3,0.3,91.38,SM d44:3,41,NA,NA,SM,Sphingolipid,SPL
Sphingomyelin,SM d36:3,C41 H79 N2 O6 P,726.5675,1.01,0,5.11,0.167,8651,214,836,5.119,NA,NA,NA,727.5747,12779,1,Positive,NA,C41H79N2O6P,726.5676,(M+H)+,727.5749,-0.2,0.2,96.04,SM d36:3,25,NA,NA,SM,Sphingolipid,SPL
Sphingomyelin,SM d37:1,C42 H85 N2 O6 P,744.6144,0.46,0,7,0.056,18380,200,494,7.002,NA,NA,NA,745.6215,37970,1,Positive,NA,C42H85N2O6P,744.6145,(M+H)+,745.6218,-0.4,0.4,98.51,SM d37:1,23,NA,NA,SM,Sphingolipid,SPL
Sphingomyelin,SM d38:0,C43 H89 N2 O6 P,760.6459,1.27,0,7.85,0.095,10090,213,838,7.864,NA,NA,NA,761.6533,12570,1,Positive,NA,C43H89N2O6P,760.6458,(M+H)+,761.6531,0.3,0.3,86.51,SM d38:0,13,NA,NA,SM,Sphingolipid,SPL
Sphingomyelin,SM d17:2_15:0,C37 H73 N2 O6 P,672.521,0.77,0,4.17,0.087,15084,212,642,4.177,NA,NA,NA,673.5281,22916,1,Positive,NA,C37H73N2O6P,672.5206,(M+H)+,673.5279,0.2,0.2,97.91,SM d32:2,1,SM d17:2/15:0,100,SM,Sphingolipid,SPL
Sphingomyelin,SM d39:1,C44 H89 N2 O6 P,772.6457,0.33,0,7.98,0.043,76337,214,194,7.985,NA,NA,NA,773.6531,154784,1,Positive,NA,C44H89N2O6P,772.6458,(M+H)+,773.6531,0,0,97.92,SM d39:1,2,NA,NA,SM,Sphingolipid,SPL
Sphingomyelin,SM d40:0,C45 H93 N2 O6 P,788.677,1.15,0,8.8,0.077,14975,211,713,8.807,NA,NA,NA,789.684,18772,1,Positive,NA,C45H93N2O6P,788.6771,(M+H)+,789.6844,-0.5,0.5,88.84,SM d40:0,15,NA,NA,SM,Sphingolipid,SPL
Sphingomyelin,SM d40:1,C45 H91 N2 O6 P,786.6616,0.89,0,8.43,0.106,461836,213,51,8.435,NA,NA,NA,787.6691,918435,1,Positive,NA,C45H91N2O6P,786.6615,(M+H)+,787.6688,0.4,0.4,97.92,SM d40:1,29,NA,NA,SM,Sphingolipid,SPL
Sphingomyelin,SM d40:2,C45 H89 N2 O6 P,784.6458,0.16,0,7.64,0.038,278451,211,156,7.48,NA,NA,NA,785.6532,189988,1,Positive,NA,C45H89N2O6P,784.6458,(M+H)+,785.6531,0.1,0.1,97.81,SM d40:2,35,NA,NA,SM,Sphingolipid,SPL
Sphingomyelin,SM d40:2,C45 H89 N2 O6 P,784.6458,0.46,0,7.48,0.054,110076,213,156,7.48,NA,NA,NA,785.6532,189988,1,Positive,NA,C45H89N2O6P,784.6458,(M+H)+,785.6531,0.1,0.1,97.81,SM d40:2,35,NA,NA,SM,Sphingolipid,SPL
Sphingomyelin,SM d41:1,C46 H93 N2 O6 P,800.6771,0.71,0,8.9,0.053,187397,212,105,8.91,NA,NA,NA,801.6846,358800,1,Positive,NA,C46H93N2O6P,800.6771,(M+H)+,801.6844,0.2,0.2,97.35,SM d41:1,31,NA,NA,SM,Sphingolipid,SPL
Sphingomyelin,SM d41:2,C46 H91 N2 O6 P,798.6613,0.37,0,8.13,0.045,104286,211,152,8.136,NA,NA,NA,799.6688,201400,1,Positive,NA,C46H91N2O6P,798.6615,(M+H)+,799.6688,0.1,0.1,95.61,SM d41:2,37,NA,NA,SM,Sphingolipid,SPL
Sphingomyelin,SM d36:1,C41 H83 N2 O6 P,730.5989,0.72,0,6.51,0.097,322015,214,62,6.516,NA,NA,NA,731.6064,653832,1,Positive,NA,C41H83N2O6P,730.5989,(M+H)+,731.6062,0.4,0.4,99.68,SM d36:1,21,NA,NA,SM,Sphingolipid,SPL
Sphingomyelin,SM d36:2,C41 H81 N2 O6 P,728.5832,0.17,0,5.74,0.107,162469,212,126,5.751,NA,NA,NA,729.5906,283768,1,Positive,NA,C41H81N2O6P,728.5832,(M+H)+,729.5905,0.2,0.2,99.37,SM d36:2,25,NA,NA,SM,Sphingolipid,SPL
Sphingomyelin,SM d18:2_23:0,C46 H91 N2 O6 P,798.6613,1.07,0,7.9,0.146,88282,211,51,7.9,NA,NA,NA,843.6597,343971,-1,Negative,NA,C46H91N2O6P,798.6615,(M+CHO2)-,843.6597,0.1,0.1,98.15,SM d41:2,1,SM d18:2/23:0,100,SM,Sphingolipid,SPL
Sphingomyelin,SM d30:1,C35 H71 N2 O6 P,646.5053,1.56,0,3.92,0.079,8138,211,465,3.93,NA,NA,NA,691.5031,25334,-1,Negative,NA,C35H71N2O6P,646.505,(M+CHO2)-,691.5032,-0.1,0.1,97.24,SM d30:1,10,NA,NA,SM,Sphingolipid,SPL
Sphingomyelin,SM d30:3_13:0,C48 H93 N2 O6 P,824.6763,1.5,0,7.7,0.151,3686,203,895,7.699,NA,NA,NA,869.6751,9991,-1,Negative,NA,C48H93N2O6P,824.6771,(M+CHO2)-,869.6753,-0.3,0.3,89.94,SM d43:3,1,SM d30:3/13:0,100,SM,Sphingolipid,SPL
Sphingomyelin,SM d38:1,C43 H87 N2 O6 P,758.6302,0.41,0,7.49,0.107,228923,212,87,7.493,NA,NA,NA,759.6378,457747,1,Positive,NA,C43H87N2O6P,758.6302,(M+H)+,759.6375,0.4,0.4,98.94,SM d38:1,25,NA,NA,SM,Sphingolipid,SPL
Sphingomyelin,SM d43:1,C48 H97 N2 O6 P,828.7084,0.73,0,9.64,0.117,12115,211,700,9.65,NA,NA,NA,829.7156,19203,1,Positive,NA,C48H97N2O6P,828.7084,(M+H)+,829.7157,-0.1,0.1,94.56,SM d43:1,33,NA,NA,SM,Sphingolipid,SPL
Sphingomyelin,SM d43:2,C48 H95 N2 O6 P,826.6926,0.63,0,8.69,0.13,21627,212,724,8.85,NA,NA,NA,827.6998,18317,1,Positive,NA,C48H95N2O6P,826.6928,(M+H)+,827.7001,-0.3,0.3,92.21,SM d43:2,40,NA,NA,SM,Sphingolipid,SPL
Sphingomyelin,SM d43:1,C48 H97 N2 O6 P,828.7077,0.9,0,9.43,0.113,11712,209,479,9.59,NA,NA,NA,873.7063,23786,-1,Negative,NA,C48H97N2O6P,828.7084,(M+CHO2)-,873.7066,-0.4,0.4,96.73,SM d43:1,33,NA,NA,SM,Sphingolipid,SPL
Sphingomyelin,SM d43:2,C48 H95 N2 O6 P,826.6923,1.35,0,8.85,0.121,4853,209,192,8.482,NA,NA,NA,871.6906,68945,-1,Negative,NA,C48H95N2O6P,826.6928,(M+CHO2)-,871.691,-0.4,0.4,97.26,SM d43:2,40,NA,NA,SM,Sphingolipid,SPL
Sphingomyelin,SM d43:2,C48 H95 N2 O6 P,826.6919,1.13,0,8.63,0.12,7224,208,192,8.482,NA,NA,NA,871.6906,68945,-1,Negative,NA,C48H95N2O6P,826.6928,(M+CHO2)-,871.691,-0.4,0.4,97.26,SM d43:2,40,NA,NA,SM,Sphingolipid,SPL
Sphingomyelin,SM d43:2,C48 H95 N2 O6 P,826.6922,0.84,0,8.47,0.107,19200,211,192,8.482,NA,NA,NA,871.6906,68945,-1,Negative,NA,C48H95N2O6P,826.6928,(M+CHO2)-,871.691,-0.4,0.4,97.26,SM d43:2,40,NA,NA,SM,Sphingolipid,SPL
Sphingomyelin,SM d43:3,C48 H93 N2 O6 P,824.6762,1.72,0,7.86,0.166,4651,210,793,7.912,NA,NA,NA,869.6726,11836,-1,Negative,NA,C48H93N2O6P,824.6771,(M+CHO2)-,869.6753,-3.2,3.2,92.88,SM d43:3,40,NA,NA,SM,Sphingolipid,SPL
Sphingomyelin,SM d44:1,C49 H99 N2 O6 P,842.7234,1.98,0,10.01,0.122,2533,211,1218,10.015,NA,NA,NA,887.7217,5419,-1,Negative,NA,C49H99N2O6P,842.7241,(M+CHO2)-,887.7223,-0.6,0.6,82.68,SM d44:1,33,NA,NA,SM,Sphingolipid,SPL
Sphingomyelin,SM d18:1_22:0,C45 H91 N2 O6 P,786.6614,0.81,0,8.2,0.149,361745,212,16,8.205,NA,NA,NA,831.6599,1000646,-1,Negative,NA,C45H91N2O6P,786.6615,(M+CHO2)-,831.6597,0.2,0.2,98.16,SM d40:1,1,SM d18:1/22:0,100,SM,Sphingolipid,SPL
Sphingomyelin,SM d41:3,C46 H89 N2 O6 P,796.6453,0.95,0,7.14,0.105,24621,211,728,7.17,NA,NA,NA,797.6524,18077,1,Positive,NA,C46H89N2O6P,796.6458,(M+H)+,797.6531,-0.9,0.9,86.68,SM d41:3,37,NA,NA,SM,Sphingolipid,SPL
Sphingomyelin,SM d42:1,C47 H95 N2 O6 P,814.6928,0.93,0,9.36,0.06,285353,215,610,8.774,NA,NA,NA,815.6986,24928,1,Positive,NA,C47H95N2O6P,814.6928,(M+H)+,815.7001,-1.7,1.7,92.32,SM d42:1,33,NA,NA,SM,Sphingolipid,SPL
Sphingomyelin,SM d42:1,C47 H95 N2 O6 P,814.6915,1.35,0,8.77,0.162,17232,211,610,8.774,NA,NA,NA,815.6986,24928,1,Positive,NA,C47H95N2O6P,814.6928,(M+H)+,815.7001,-1.7,1.7,92.32,SM d42:1,33,NA,NA,SM,Sphingolipid,SPL
Sphingomyelin,SM d31:1,C36 H73 N2 O6 P,660.5207,1.9,0,4.24,0.161,4446,211,709,4.251,NA,NA,NA,705.5186,13950,-1,Negative,NA,C36H73N2O6P,660.5206,(M+CHO2)-,705.5188,-0.3,0.3,97.1,SM d31:1,11,NA,NA,SM,Sphingolipid,SPL
Sphingomyelin,SM d32:0,C37 H77 N2 O6 P,676.5519,1.99,0,4.89,0.152,7132,207,545,4.895,NA,NA,NA,721.5498,20173,-1,Negative,NA,C37H77N2O6P,676.5519,(M+CHO2)-,721.5501,-0.5,0.5,94.25,SM d32:0,7,NA,NA,SM,Sphingolipid,SPL
Sphingomyelin,SM d32:1,C37 H75 N2 O6 P,674.5363,1.32,0,4.6,0.135,151385,211,36,4.608,NA,NA,NA,719.5345,494186,-1,Negative,NA,C37H75N2O6P,674.5363,(M+CHO2)-,719.5345,0.1,0.1,98.5,SM d32:1,13,NA,NA,SM,Sphingolipid,SPL
Sphingomyelin,SM d32:2,C37 H73 N2 O6 P,672.5205,0.71,0,4.04,0.094,14315,209,285,4.05,NA,NA,NA,717.5187,45495,-1,Negative,NA,C37H73N2O6P,672.5206,(M+CHO2)-,717.5188,-0.2,0.2,98.05,SM d32:2,15,NA,NA,SM,Sphingolipid,SPL
Sphingomyelin,SM d33:2,C38 H75 N2 O6 P,686.5361,1.57,0,4.39,0.104,3183,210,1021,4.402,NA,NA,NA,731.5341,7921,-1,Negative,NA,C38H75N2O6P,686.5363,(M+CHO2)-,731.5345,-0.5,0.5,95.95,SM d33:2,17,NA,NA,SM,Sphingolipid,SPL
Sphingomyelin,SM d35:1,C40 H81 N2 O6 P,716.5831,1.03,0,5.85,0.191,24524,210,298,5.854,NA,NA,NA,761.5812,43022,-1,Negative,NA,C40H81N2O6P,716.5832,(M+CHO2)-,761.5814,-0.3,0.3,98.01,SM d35:1,19,NA,NA,SM,Sphingolipid,SPL
Sphingomyelin,SM d18:1_16:0,C39 H79 N2 O6 P,702.5677,0.74,0,5.4,0.13,1319910,211,5,5.4,NA,NA,NA,747.5659,3095397,-1,Negative,NA,C39H79N2O6P,702.5676,(M+CHO2)-,747.5658,0.2,0.2,98.09,SM d34:1,1,SM d18:1/16:0,100,SM,Sphingolipid,SPL
Sphingomyelin,SM d18:1_18:1(d9),C41 H72 D9 N2 O6 P,737.6394,1.49,0,5.51,0.144,129116,211,63,5.52,NA,NA,NA,782.6379,277118,-1,Negative,NA,C41H72[2H]9N2O6P,737.6397,(M+CHO2)-,782.6379,-0.1,0.1,98.49,SM d36:2(d9),1,SM__d d18:1/18:1+D9,100,SM,Sphingolipid,SPL
Sphingomyelin,SM d18:1_20:0,C43 H87 N2 O6 P,758.63,0.42,0,7.26,0.071,212381,209,31,7.265,NA,NA,NA,803.6285,589112,-1,Negative,NA,C43H87N2O6P,758.6302,(M+CHO2)-,803.6284,0.1,0.1,98.35,SM d38:1,1,SM d18:1/20:0,100,SM,Sphingolipid,SPL
Sphingomyelin,SM d41:2,C46 H91 N2 O6 P,798.6614,0.93,0,7.94,0.126,52521,212,152,8.136,NA,NA,NA,799.6688,201400,1,Positive,NA,C46H91N2O6P,798.6615,(M+H)+,799.6688,0.1,0.1,95.61,SM d41:2,37,NA,NA,SM,Sphingolipid,SPL
Sphingomyelin,SM d41:0,C46 H95 N2 O6 P,802.69,6.5,0,9.12,0.199,32115,206,854,9.036,NA,NA,NA,847.6901,10842,-1,Negative,NA,C46H95N2O6P,802.6928,(M+CHO2)-,847.691,-1.1,1.1,81.96,SM d41:0,16,NA,NA,SM,Sphingolipid,SPL
Sphingomyelin,SM d41:1,C46 H93 N2 O6 P,800.6763,1,0,8.53,0.102,34927,208,160,8.519,NA,NA,NA,845.6753,84820,-1,Negative,NA,C46H93N2O6P,800.6771,(M+CHO2)-,845.6753,-0.1,0.1,98.3,SM d41:1,31,NA,NA,SM,Sphingolipid,SPL
Sphingomyelin,SM d41:1,C46 H93 N2 O6 P,800.6769,1.02,0,8.67,0.115,175379,211,160,8.519,NA,NA,NA,845.6753,84820,-1,Negative,NA,C46H93N2O6P,800.6771,(M+CHO2)-,845.6753,-0.1,0.1,98.3,SM d41:1,31,NA,NA,SM,Sphingolipid,SPL
Sphingomyelin,SM d42:2,C47 H93 N2 O6 P,812.6772,0.51,0,8.4,0.057,659147,212,38,8.401,NA,NA,NA,813.6848,1246232,1,Positive,NA,C47H93N2O6P,812.6771,(M+H)+,813.6844,0.4,0.4,96.68,SM d42:2,2,NA,NA,SM,Sphingolipid,SPL
Sphingomyelin,SM d42:3,C47 H91 N2 O6 P,810.6614,0.56,0,7.62,0.066,411973,212,59,7.625,NA,NA,NA,811.6688,705173,1,Positive,NA,C47H91N2O6P,810.6615,(M+H)+,811.6688,0.1,0.1,96.69,SM d42:3,40,NA,NA,SM,Sphingolipid,SPL
Sphingomyelin,SM d42:4,C47 H89 N2 O6 P,808.6454,0.89,0,6.73,0.177,19637,202,251,6.679,NA,NA,NA,853.6438,52860,-1,Negative,NA,C47H89N2O6P,808.6458,(M+CHO2)-,853.644,-0.3,0.3,60.06,SM d42:4,23,NA,NA,SM,Sphingolipid,SPL
Sphingomyelin,SM d43:1,C48 H97 N2 O6 P,828.7079,0.93,0,9.58,0.1,6740,205,479,9.59,NA,NA,NA,873.7063,23786,-1,Negative,NA,C48H97N2O6P,828.7084,(M+CHO2)-,873.7066,-0.4,0.4,96.73,SM d43:1,33,NA,NA,SM,Sphingolipid,SPL
Sphingomyelin,SM d38:0,C43 H89 N2 O6 P,760.6456,1.93,0,7.63,0.121,8854,211,437,7.633,NA,NA,NA,805.6437,27023,-1,Negative,NA,C43H89N2O6P,760.6458,(M+CHO2)-,805.644,-0.4,0.4,97.42,SM d38:0,13,NA,NA,SM,Sphingolipid,SPL
Sphingomyelin,SM d42:1,C47 H95 N2 O6 P,814.6927,0.75,0,9.13,0.07,269983,211,168,8.543,NA,NA,NA,859.6903,81481,-1,Negative,NA,C47H95N2O6P,814.6928,(M+CHO2)-,859.691,-0.8,0.8,97.69,SM d42:1,33,NA,NA,SM,Sphingolipid,SPL
Sphingomyelin,SM d36:0,C41 H85 N2 O6 P,732.6145,1.65,0,6.66,0.133,15804,211,486,6.655,NA,NA,NA,777.6126,23567,-1,Negative,NA,C41H85N2O6P,732.6145,(M+CHO2)-,777.6127,-0.1,0.1,95.57,SM d36:0,11,NA,NA,SM,Sphingolipid,SPL
Sphingomyelin,SM d36:1,C41 H83 N2 O6 P,730.5988,0.87,0,6.3,0.153,286543,210,26,6.302,NA,NA,NA,775.5972,652277,-1,Negative,NA,C41H83N2O6P,730.5989,(M+CHO2)-,775.5971,0.2,0.2,97.91,SM d36:1,21,NA,NA,SM,Sphingolipid,SPL
Sphingomyelin,SM d42:2,C47 H93 N2 O6 P,812.677,0.6,0,8.16,0.171,479390,212,13,8.158,NA,NA,NA,857.6755,1230526,-1,Negative,NA,C47H93N2O6P,812.6771,(M+CHO2)-,857.6753,0.2,0.2,98.07,SM d42:2,40,NA,NA,SM,Sphingolipid,SPL
Sphingomyelin,SM d42:2,C47 H93 N2 O6 P,812.6771,0.98,0,8.37,0.181,189652,211,13,8.158,NA,NA,NA,857.6755,1230526,-1,Negative,NA,C47H93N2O6P,812.6771,(M+CHO2)-,857.6753,0.2,0.2,98.07,SM d42:2,40,NA,NA,SM,Sphingolipid,SPL
Triacylglycerol,TG 14:0_18:2_18:3,C53 H92 O6,824.6889,1.12,0,12.05,0.119,22490,210,614,12.05,NA,NA,NA,842.7231,24791,1,Positive,NA,C53H92O6,824.6894,(M+H4N)+,842.7232,-0.1,0.1,72.06,TG 50:5,1,TG 14:0/18:2/18:3,100,TAG or TG,Glycerolipid,GL
Triacylglycerol,TG 14:1_15:0_18:1,C50 H92 O6,788.6891,0.92,0,12.66,0.151,10980,214,645,12.64,NA,NA,NA,806.7231,22769,1,Positive,NA,C50H92O6,788.6894,(M+H4N)+,806.7232,-0.2,0.2,72.56,TG 47:2,6,TG 14:1/15:0/18:1,36.7,TAG or TG,Glycerolipid,GL
Triacylglycerol,TG 14:0_16:0_16:0,C49 H94 O6,778.7049,0.29,0,13.45,0.049,180913,216,34,13.444,NA,NA,NA,796.7391,1415621,1,Positive,NA,C49H94O6,778.705,(M+H4N)+,796.7389,0.3,0.3,98.89,TG 46:0,2,TG 14:0/16:0/16:0,86.9,TAG or TG,Glycerolipid,GL
Triacylglycerol,TG 12:0_18:1_18:2,C51 H92 O6,800.6892,0.26,0,12.41,0.032,119825,210,377,12.586,NA,NA,NA,818.7233,56350,1,Positive,NA,C51H92O6,800.6894,(M+H4N)+,818.7232,0.2,0.2,65.54,TG 48:3,1,TG 12:0/18:1/18:2,100,TAG or TG,Glycerolipid,GL
Triacylglycerol,TG 14:0_15:0_16:0,C48 H92 O6,764.689,0.61,0,13.15,0.056,16539,216,184,13.151,NA,NA,NA,782.7231,159733,1,Positive,NA,C48H92O6,764.6894,(M+H4N)+,782.7232,-0.2,0.2,96.95,TG 45:0,1,TG 14:0/15:0/16:0,100,TAG or TG,Glycerolipid,GL
Triacylglycerol,TG 14:0_15:0_18:1,C50 H94 O6,790.7047,0.63,0,13.19,0.118,33081,216,373,13.083,NA,NA,NA,808.7389,57435,1,Positive,NA,C50H94O6,790.705,(M+H4N)+,808.7389,0,0,82.93,TG 47:1,1,TG 14:0/15:0/18:1,100,TAG or TG,Glycerolipid,GL
Triacylglycerol,TG 14:0_16:1_18:1,C51 H94 O6,802.7049,0.25,0,12.99,0.127,396308,216,54,12.971,NA,NA,NA,820.739,777480,1,Positive,NA,C51H94O6,802.705,(M+H4N)+,820.7389,0.2,0.2,95.74,TG 48:2,3,TG 14:0/16:1/18:1,43.9,TAG or TG,Glycerolipid,GL
Triacylglycerol,TG 12:0_12:0_16:0,C43 H82 O6,694.6109,1.24,0,11.47,0.107,13207,212,64,11.478,NA,NA,NA,712.6449,609713,1,Positive,NA,C43H82O6,694.6111,(M+H4N)+,712.645,-0.1,0.1,62.26,TG 40:0,1,TG 12:0/12:0/16:0,100,TAG or TG,Glycerolipid,GL
Triacylglycerol,TG 12:0_14:0_16:0,C45 H86 O6,722.6421,0.98,0,12.19,0.124,21969,216,47,12.19,NA,NA,NA,740.6761,1005850,1,Positive,NA,C45H86O6,722.6424,(M+H4N)+,740.6763,-0.3,0.3,90.22,TG 42:0,1,TG 12:0/14:0/16:0,100,TAG or TG,Glycerolipid,GL
Triacylglycerol,TG 12:0_14:0_18:1,C47 H88 O6,748.6578,0.79,0,12.24,0.106,39790,216,68,12.244,NA,NA,NA,766.6918,572041,1,Positive,NA,C47H88O6,748.6581,(M+H4N)+,766.6919,-0.2,0.2,80.25,TG 44:1,1,TG 12:0/14:0/18:1,100,TAG or TG,Glycerolipid,GL
Triacylglycerol,TG 12:0_14:1_18:1,C47 H86 O6,746.6422,1.1,0,11.67,0.125,17389,209,322,11.658,NA,NA,NA,764.676,72313,1,Positive,NA,C47H86O6,746.6424,(M+H4N)+,764.6763,-0.4,0.4,66.65,TG 44:2,2,TG 12:0/14:1/18:1,70.7,TAG or TG,Glycerolipid,GL
Triacylglycerol,TG 12:0_15:0_16:0,C46 H88 O6,736.6576,1.32,0,12.52,0.14,5340,215,361,12.435,NA,NA,NA,754.6918,60647,1,Positive,NA,C46H88O6,736.6581,(M+H4N)+,754.6919,-0.2,0.2,97.75,TG 43:0,4,TG 12:0/15:0/16:0,35.3,TAG or TG,Glycerolipid,GL
Triacylglycerol,TG 12:0_16:0_18:2,C49 H90 O6,774.6735,0.46,0,12.36,0.152,65854,215,168,12.361,NA,NA,NA,792.7076,170573,1,Positive,NA,C49H90O6,774.6737,(M+H4N)+,792.7076,0,0,63.92,TG 46:2,1,TG 12:0/16:0/18:2,100,TAG or TG,Glycerolipid,GL
Triacylglycerol,TG 12:0_18:2_18:2,C51 H90 O6,798.6734,0.81,0,11.86,0.152,23859,212,551,11.878,NA,NA,NA,816.7073,30425,1,Positive,NA,C51H90O6,798.6737,(M+H4N)+,816.7076,-0.4,0.4,92.23,TG 48:4,4,TG 12:0/18:2/18:2,83.8,TAG or TG,Glycerolipid,GL
Triacylglycerol,TG 18:1_18:1_18:2,C57 H102 O6,882.767,0.33,0,13.65,0.041,2205875,216,18,13.655,NA,NA,NA,900.8018,3253297,1,Positive,NA,C57H102O6,882.7676,(M+H4N)+,900.8015,0.4,0.4,94.18,TG 54:4,18,TG 18:1/18:1/18:2,76.9,TAG or TG,Glycerolipid,GL
Triacylglycerol,TG 18:1_18:1_22:0,C61 H114 O6,942.8611,0.74,0,14.33,0.038,78532,216,212,14.329,NA,NA,NA,960.8953,138276,1,Positive,NA,C61H114O6,942.8615,(M+H4N)+,960.8954,-0.1,0.1,78.25,TG 58:2,7,TG 18:1/18:1/22:0,30.4,TAG or TG,Glycerolipid,GL
Triacylglycerol,TG 18:1_18:2_18:3,C57 H98 O6,878.7357,0.38,0,12.72,0.077,294427,213,113,12.716,NA,NA,NA,896.7703,330061,1,Positive,NA,C57H98O6,878.7363,(M+H4N)+,896.7702,0.2,0.2,87.06,TG 54:6,20,TG 18:1/18:2/18:3,33.8,TAG or TG,Glycerolipid,GL
Triacylglycerol,TG 14:0_16:0_18:1,C51 H96 O6,804.7207,0.28,0,13.48,0.096,1072408,216,20,13.478,NA,NA,NA,822.7549,2521535,1,Positive,NA,C51H96O6,804.7207,(M+H4N)+,822.7545,0.5,0.5,97.22,TG 48:1,1,TG 14:0/16:0/18:1,100,TAG or TG,Glycerolipid,GL
Triacylglycerol,TG 14:0_16:0_20:4,C53 H94 O6,826.7048,1.01,0,12.84,0.132,31163,193,524,12.837,NA,NA,NA,844.7389,33403,1,Positive,NA,C53H94O6,826.705,(M+H4N)+,844.7389,0.1,0.1,79.53,TG 50:4,2,TG 14:0/16:0/20:4,70.4,TAG or TG,Glycerolipid,GL
Triacylglycerol,TG 18:1_20:1_22:0,C63 H118 O6,970.8924,1.08,0,14.4,0.099,38803,215,349,14.397,NA,NA,NA,988.9265,63497,1,Positive,NA,C63H118O6,970.8928,(M+H4N)+,988.9267,-0.2,0.2,67.01,TG 60:2,2,TG 18:1/20:1/22:0,56.1,TAG or TG,Glycerolipid,GL
Triacylglycerol,TG 18:2_18:2_18:3,C57 H96 O6,876.7202,0.54,0,12.23,0.189,69971,207,294,12.229,NA,NA,NA,894.7544,82045,1,Positive,NA,C57H96O6,876.7207,(M+H4N)+,894.7545,-0.1,0.1,84.94,TG 54:7,35,TG 18:2/18:2/18:3,33.9,TAG or TG,Glycerolipid,GL
Triacylglycerol,TG 38:0,C41 H78 O6,666.5798,1.46,0,10.69,0.136,8507,207,315,10.691,NA,NA,NA,689.5687,74364,1,Positive,NA,C41H78O6,666.5798,(M+Na)+,689.5691,-0.5,0.5,96.5,TG 38:0,2,NA,NA,TAG or TG,Glycerolipid,GL
Triacylglycerol,TG 42:1,C45 H84 O6,720.6264,1.08,0,11.55,0.167,14276,210,351,11.592,NA,NA,NA,743.6161,62837,1,Positive,NA,C45H84O6,720.6268,(M+Na)+,743.616,0.1,0.1,99.12,TG 42:1,7,NA,NA,TAG or TG,Glycerolipid,GL
Triacylglycerol,TG 15:0_16:0_16:0,C50 H96 O6,792.7204,0.57,0,13.63,0.176,14301,167,201,13.627,NA,NA,NA,810.7542,143539,1,Positive,NA,C50H96O6,792.7207,(M+H4N)+,810.7545,-0.3,0.3,98.18,TG 47:0,4,TG 15:0/16:0/16:0,50.9,TAG or TG,Glycerolipid,GL
Triacylglycerol,TG 15:0_16:0_18:0,C52 H100 O6,820.7517,0.33,0,14.04,0.052,68564,216,108,14.029,NA,NA,NA,838.7858,344571,1,Positive,NA,C52H100O6,820.752,(M+H4N)+,838.7858,0,0,96.2,TG 49:0,3,TG 15:0/16:0/18:0,61.7,TAG or TG,Glycerolipid,GL
Triacylglycerol,TG 15:0_16:0_18:1,C52 H98 O6,818.7361,0.52,0,13.75,0.071,104445,216,114,13.755,NA,NA,NA,836.7703,329622,1,Positive,NA,C52H98O6,818.7363,(M+H4N)+,836.7702,0.2,0.2,96.87,TG 49:1,5,TG 15:0/16:0/18:1,68.7,TAG or TG,Glycerolipid,GL
Triacylglycerol,TG 18:0_18:1_22:4,C61 H108 O6,936.8134,1.04,0,14.08,0.17,46206,215,372,14.071,NA,NA,NA,954.8482,57922,1,Positive,NA,C61H108O6,936.8146,(M+H4N)+,954.8484,-0.3,0.3,67.79,TG 58:5,8,TG 18:0/18:1/22:4,39.5,TAG or TG,Glycerolipid,GL
Triacylglycerol,TG 18:0_18:2_20:4,C59 H102 O6,906.7666,1.72,0,13.58,0.175,224911,209,137,13.584,NA,NA,NA,924.8017,246321,1,Positive,NA,C59H102O6,906.7676,(M+H4N)+,924.8015,0.2,0.2,80.59,TG 56:6,15,TG 18:0/18:2/20:4,30.7,TAG or TG,Glycerolipid,GL
Triacylglycerol,TG 15:0_18:2_18:2,C54 H96 O6,840.7204,0.42,0,12.85,0.069,37452,210,426,12.854,NA,NA,NA,858.7546,46143,1,Positive,NA,C54H96O6,840.7207,(M+H4N)+,858.7545,0.1,0.1,87.31,TG 51:4,8,TG 15:0/18:2/18:2,58,TAG or TG,Glycerolipid,GL
Triacylglycerol,TG 16:0_16:0_16:0,C51 H98 O6,806.7364,0.23,0,13.92,0.03,536383,216,24,13.917,NA,NA,NA,824.7705,1879200,1,Positive,NA,C51H98O6,806.7363,(M+H4N)+,824.7702,0.4,0.4,99.38,TG 48:0,5,TG 16:0/16:0/16:0,73.8,TAG or TG,Glycerolipid,GL
Triacylglycerol,TG 16:0_16:0_18:0,C53 H102 O6,834.7677,0.22,0,14.12,0.046,569394,216,25,14.121,NA,NA,NA,852.8018,1846786,1,Positive,NA,C53H102O6,834.7676,(M+H4N)+,852.8015,0.4,0.4,98.51,TG 50:0,2,TG 16:0/16:0/18:0,99.2,TAG or TG,Glycerolipid,GL
Triacylglycerol,TG 18:1_18:2_22:0,C61 H112 O6,940.8452,0.71,0,14.25,0.048,64505,216,264,14.257,NA,NA,NA,958.8796,99680,1,Positive,NA,C61H112O6,940.8459,(M+H4N)+,958.8797,-0.1,0.1,82.4,TG 58:3,20,TG 18:1/18:2/22:0,37.2,TAG or TG,Glycerolipid,GL
Triacylglycerol,TG 16:0_16:0_20:4,C55 H98 O6,854.7362,0.9,0,13.44,0.162,139243,208,225,13.432,NA,NA,NA,872.7703,125585,1,Positive,NA,C55H98O6,854.7363,(M+H4N)+,872.7702,0.1,0.1,77.62,TG 52:4,2,TG 16:0/16:0/20:4,56,TAG or TG,Glycerolipid,GL
Triacylglycerol,TG 16:0_16:1_18:1,C53 H98 O6,830.7365,0.18,0,13.53,0.063,2526301,216,16,13.541,NA,NA,NA,848.7704,3701473,1,Positive,NA,C53H98O6,830.7363,(M+H4N)+,848.7702,0.3,0.3,95.03,TG 50:2,3,TG 16:0/16:1/18:1,64.1,TAG or TG,Glycerolipid,GL
Triacylglycerol,TG 16:0_17:0_18:0,C54 H104 O6,848.7828,0.48,0,14.18,0.053,56104,216,112,14.181,NA,NA,NA,866.8169,333083,1,Positive,NA,C54H104O6,848.7833,(M+H4N)+,866.8171,-0.2,0.2,97.99,TG 51:0,5,TG 16:0/17:0/18:0,63,TAG or TG,Glycerolipid,GL
Triacylglycerol,TG 16:0_17:0_18:1,C54 H102 O6,846.7675,0.35,0,14.05,0.1,237441,216,58,14.041,NA,NA,NA,864.8017,735934,1,Positive,NA,C54H102O6,846.7676,(M+H4N)+,864.8015,0.3,0.3,97.39,TG 51:1,3,TG 16:0/17:0/18:1,71.5,TAG or TG,Glycerolipid,GL
Triacylglycerol,TG 16:0_18:0_18:0,C55 H106 O6,862.7987,0.27,0,14.24,0.047,274664,216,40,14.239,NA,NA,NA,880.8329,1165197,1,Positive,NA,C55H106O6,862.7989,(M+H4N)+,880.8328,0.1,0.1,98.15,TG 52:0,3,TG 16:0/18:0/18:0,91.8,TAG or TG,Glycerolipid,GL
Triacylglycerol,TG 16:0_18:0_18:1,C55 H104 O6,860.7835,0.27,0,14.13,0.046,2427940,216,12,14.13,NA,NA,NA,878.8175,4633419,1,Positive,NA,C55H104O6,860.7833,(M+H4N)+,878.8171,0.4,0.4,97.29,TG 52:1,1,TG 16:0/18:0/18:1,100,TAG or TG,Glycerolipid,GL
Triacylglycerol,TG 16:0_18:0_20:4,C57 H102 O6,882.7647,4.3,0,13.94,0.13,201903,216,364,13.904,NA,NA,NA,900.8015,59814,1,Positive,NA,C57H102O6,882.7676,(M+H4N)+,900.8015,0,0,72.72,TG 54:4,2,TG 16:0/18:0/20:4,75.2,TAG or TG,Glycerolipid,GL
Triacylglycerol,TG 15:0_16:1_18:1,C52 H96 O6,816.7205,0.38,0,13.22,0.173,57825,215,231,13.23,NA,NA,NA,834.7546,117546,1,Positive,NA,C52H96O6,816.7207,(M+H4N)+,834.7545,0.1,0.1,90.98,TG 49:2,4,TG 15:0/16:1/18:1,39.4,TAG or TG,Glycerolipid,GL
Triacylglycerol,TG 15:0_18:1_18:2,C54 H98 O6,842.7361,0.23,0,13.33,0.051,163237,211,140,13.337,NA,NA,NA,860.7703,228773,1,Positive,NA,C54H98O6,842.7363,(M+H4N)+,860.7702,0.2,0.2,92.83,TG 51:3,4,TG 15:0/18:1/18:2,57.9,TAG or TG,Glycerolipid,GL
Triacylglycerol,TG 46:4,C49 H86 O6,770.6423,1.73,0,11.19,0.198,3804,179,997,11.224,NA,NA,NA,793.6307,5179,1,Positive,NA,C49H86O6,770.6424,(M+Na)+,793.6317,-1.3,1.3,95.52,TG 46:4,18,NA,NA,TAG or TG,Glycerolipid,GL
Triacylglycerol,TG 47:0,C50 H96 O6,792.7204,0.36,0,13.73,0.053,26358,216,175,13.726,NA,NA,NA,810.7546,167786,1,Positive,NA,C50H96O6,792.7207,(M+H4N)+,810.7545,0.1,0.1,96.87,TG 47:0,3,NA,NA,TAG or TG,Glycerolipid,GL
Triacylglycerol,TG 50:4,C53 H94 O6,826.7048,0.2,0,12.53,0.138,172786,211,252,12.547,NA,NA,NA,849.6941,107583,1,Positive,NA,C53H94O6,826.705,(M+Na)+,849.6943,-0.1,0.1,99.36,TG 50:4,65,NA,NA,TAG or TG,Glycerolipid,GL
Triacylglycerol,TG 16:0_16:0_18:1,C53 H100 O6,832.7523,0.25,0,13.93,0.035,4223994,216,8,13.933,NA,NA,NA,850.7863,6360142,1,Positive,NA,C53H100O6,832.752,(M+H4N)+,850.7858,0.5,0.5,98.51,TG 50:1,2,TG 16:0/16:0/18:1,97,TAG or TG,Glycerolipid,GL
Triacylglycerol,TG 16:0_18:2_20:5,C57 H96 O6,876.7201,1.11,0,12.55,0.195,56425,207,397,12.55,NA,NA,NA,894.7543,50699,1,Positive,NA,C57H96O6,876.7207,(M+H4N)+,894.7545,-0.3,0.3,72.88,TG 54:7,5,TG 16:0/18:2/20:5,41.2,TAG or TG,Glycerolipid,GL
Triacylglycerol,TG 16:0_18:2_22:5,C59 H100 O6,904.7515,0.18,0,13.02,0.107,302172,211,106,13.018,NA,NA,NA,922.7859,354264,1,Positive,NA,C59H100O6,904.752,(M+H4N)+,922.7858,0.1,0.1,74.43,TG 56:7,22,TG 16:0/18:2/22:5,22.4,TAG or TG,Glycerolipid,GL
Triacylglycerol,TG 16:0_18:2_22:6,C59 H98 O6,902.7361,1.3,0,12.78,0.174,110298,214,258,12.785,NA,NA,NA,920.77,102829,1,Positive,NA,C59H98O6,902.7363,(M+H4N)+,920.7702,-0.2,0.2,81.75,TG 56:8,4,TG 16:0/18:2/22:6,44.2,TAG or TG,Glycerolipid,GL
Triacylglycerol,TG 17:0_18:0_18:1,C56 H106 O6,874.7985,0.6,0,14.19,0.041,94087,216,103,14.186,NA,NA,NA,892.8328,373637,1,Positive,NA,C56H106O6,874.7989,(M+H4N)+,892.8328,0.1,0.1,93.65,TG 53:1,6,TG 17:0/18:0/18:1,61.1,TAG or TG,Glycerolipid,GL
Triacylglycerol,TG 17:0_18:1_18:1,C56 H104 O6,872.7831,0.36,0,14.06,0.048,361933,216,60,14.056,NA,NA,NA,890.8174,703802,1,Positive,NA,C56H104O6,872.7833,(M+H4N)+,890.8171,0.3,0.3,96.42,TG 53:2,4,TG 17:0/18:1/18:1,68.9,TAG or TG,Glycerolipid,GL
Triacylglycerol,TG 17:0_18:1_18:2,C56 H102 O6,870.7672,0.4,0,13.85,0.057,201707,216,120,13.84,NA,NA,NA,888.8017,293185,1,Positive,NA,C56H102O6,870.7676,(M+H4N)+,888.8015,0.2,0.2,90.81,TG 53:3,4,TG 17:0/18:1/18:2,58.8,TAG or TG,Glycerolipid,GL
Triacylglycerol,TG 17:1_18:1_18:2,C56 H100 O6,868.7514,0.38,0,13.38,0.129,74944,208,317,13.432,NA,NA,NA,886.7858,73250,1,Positive,NA,C56H100O6,868.752,(M+H4N)+,886.7858,0,0,87.55,TG 53:4,26,TG 17:1/18:1/18:2,45.1,TAG or TG,Glycerolipid,GL
Triacylglycerol,TG 18:0_18:1_18:1,C57 H106 O6,886.799,0.28,0,14.14,0.046,2279260,216,15,14.139,NA,NA,NA,904.8331,3800051,1,Positive,NA,C57H106O6,886.7989,(M+H4N)+,904.8328,0.4,0.4,96.89,TG 54:2,9,TG 18:0/18:1/18:1,78.7,TAG or TG,Glycerolipid,GL
Triacylglycerol,TG 45:1,C48 H90 O6,762.6733,1.05,0,12.57,0.152,7403,215,706,12.584,NA,NA,NA,785.6621,19049,1,Positive,NA,C48H90O6,762.6737,(M+Na)+,785.663,-1,1,97.72,TG 45:1,5,NA,NA,TAG or TG,Glycerolipid,GL
Triacylglycerol,TG 16:0_18:1_18:1,C55 H102 O6,858.7679,0.22,0,13.95,0.03,11190340,216,2,13.951,NA,NA,NA,876.8017,9680639,1,Positive,NA,C55H102O6,858.7676,(M+H4N)+,876.8015,0.3,0.3,95.21,TG 52:2,2,TG 16:0/18:1/18:1,97.3,TAG or TG,Glycerolipid,GL
Triacylglycerol,TG 16:0_18:1_18:2,C55 H100 O6,856.7522,0.19,0,13.61,0.044,8266190,216,1,13.612,NA,NA,NA,874.7861,9709796,1,Positive,NA,C55H100O6,856.752,(M+H4N)+,874.7858,0.3,0.3,94.5,TG 52:3,16,TG 16:0/18:1/18:2,86.6,TAG or TG,Glycerolipid,GL
Triacylglycerol,TG 16:0_18:1_20:4,C57 H100 O6,880.752,0.14,0,13.46,0.022,615247,210,61,13.462,NA,NA,NA,898.7859,660682,1,Positive,NA,C57H100O6,880.752,(M+H4N)+,898.7858,0.1,0.1,79.28,TG 54:5,4,TG 16:0/18:1/20:4,53.6,TAG or TG,Glycerolipid,GL
Triacylglycerol,TG 51:2,C54 H100 O6,844.7518,0.19,0,13.78,0.061,260877,216,83,13.783,NA,NA,NA,862.7862,469433,1,Positive,NA,C54H100O6,844.752,(M+H4N)+,862.7858,0.4,0.4,95.53,TG 51:2,11,NA,NA,TAG or TG,Glycerolipid,GL
Triacylglycerol,TG 52:6,C55 H94 O6,850.7046,0.44,0,12.32,0.196,27713,202,664,12.329,NA,NA,NA,873.694,21619,1,Positive,NA,C55H94O6,850.705,(M+Na)+,873.6943,-0.3,0.3,98.61,TG 52:6,70,NA,NA,TAG or TG,Glycerolipid,GL
Triacylglycerol,TG 54:3,C57 H104 O6,884.7832,0.22,0,13.99,0.059,3711377,216,70,14,NA,NA,NA,907.773,557197,1,Positive,NA,C57H104O6,884.7833,(M+Na)+,907.7725,0.6,0.6,99.76,TG 54:3,41,NA,NA,TAG or TG,Glycerolipid,GL
Triacylglycerol,TG 56:4,C59 H106 O6,910.7983,0.7,0,14,0.148,231471,216,146,14.018,NA,NA,NA,928.8329,216104,1,Positive,NA,C59H106O6,910.7989,(M+H4N)+,928.8328,0.1,0.1,75.17,TG 56:4,23,NA,NA,TAG or TG,Glycerolipid,GL
Triacylglycerol,TG 56:5,C59 H104 O6,908.7828,0.64,0,13.84,0.13,206222,213,133,13.841,NA,NA,NA,926.8173,257520,1,Positive,NA,C59H104O6,908.7833,(M+H4N)+,926.8171,0.2,0.2,76.17,TG 56:5,18,NA,NA,TAG or TG,Glycerolipid,GL
Triacylglycerol,TG 56:7,C59 H100 O6,904.7507,1.98,0,13.2,0.108,177227,214,170,13.252,NA,NA,NA,922.7858,170283,1,Positive,NA,C59H100O6,904.752,(M+H4N)+,922.7858,0,0,67.6,TG 56:7,13,NA,NA,TAG or TG,Glycerolipid,GL
Triacylglycerol,TG 43:1,C46 H86 O6,734.6421,1.86,0,11.9,0.184,3127,190,790,11.895,NA,NA,NA,757.6324,15115,1,Positive,NA,C46H86O6,734.6424,(M+Na)+,757.6317,1,1,97.59,TG 43:1,4,NA,NA,TAG or TG,Glycerolipid,GL
Triacylglycerol,TG 44:3,C47 H84 O6,744.6264,1.76,0,11.06,0.19,3762,176,840,11.077,NA,NA,NA,767.6166,12355,1,Positive,NA,C47H84O6,744.6268,(M+Na)+,767.616,0.8,0.8,97.83,TG 44:3,11,NA,NA,TAG or TG,Glycerolipid,GL
Triacylglycerol,TG 45:0,C48 H92 O6,764.6888,0.92,0,13.04,0.125,9204,194,638,13.14,NA,NA,NA,787.6781,23095,1,Positive,NA,C48H92O6,764.6894,(M+Na)+,787.6786,-0.7,0.7,98.1,TG 45:0,5,NA,NA,TAG or TG,Glycerolipid,GL
Triacylglycerol,TG 16:0_18:0_22:0,C59 H114 O6,918.8611,0.56,0,14.39,0.043,41111,216,272,14.393,NA,NA,NA,936.8952,95145,1,Positive,NA,C59H114O6,918.8615,(M+H4N)+,936.8954,-0.1,0.1,81,TG 56:0,3,TG 16:0/18:0/22:0,74.6,TAG or TG,Glycerolipid,GL
Triacylglycerol,TG 16:0_18:2_18:3,C55 H96 O6,852.7205,0.47,0,12.7,0.088,298192,215,104,12.695,NA,NA,NA,870.7547,372884,1,Positive,NA,C55H96O6,852.7207,(M+H4N)+,870.7545,0.2,0.2,86.71,TG 52:5,36,TG 16:0/18:2/18:3,41,TAG or TG,Glycerolipid,GL
Triacylglycerol,TG 56:8,C59 H98 O6,902.7358,0.46,0,12.54,0.145,65576,204,370,12.565,NA,NA,NA,920.7699,58165,1,Positive,NA,C59H98O6,902.7363,(M+H4N)+,920.7702,-0.3,0.3,77.26,TG 56:8,21,NA,NA,TAG or TG,Glycerolipid,GL
Triacylglycerol,TG 58:10,C61 H98 O6,926.7358,0.83,0,12.35,0.124,36947,213,605,12.355,NA,NA,NA,944.7699,25283,1,Positive,NA,C61H98O6,926.7363,(M+H4N)+,944.7702,-0.3,0.3,78.43,TG 58:10,19,NA,NA,TAG or TG,Glycerolipid,GL
Triacylglycerol,TG 16:0_18:1_22:0,C59 H112 O6,916.8452,0.73,0,14.32,0.094,74105,213,154,14.324,NA,NA,NA,934.8799,197855,1,Positive,NA,C59H112O6,916.8459,(M+H4N)+,934.8797,0.2,0.2,90.56,TG 56:1,6,TG 16:0/18:1/22:0,49.4,TAG or TG,Glycerolipid,GL
Triacylglycerol,TG 58:8,C61 H102 O6,930.767,0.87,0,13.29,0.163,48631,208,465,13.295,NA,NA,NA,948.8013,41363,1,Positive,NA,C61H102O6,930.7676,(M+H4N)+,948.8015,-0.2,0.2,77.39,TG 58:8,16,NA,NA,TAG or TG,Glycerolipid,GL